|11.28.2025 11:43:13| [INFO]: Начала опроса
|11.28.2025 11:43:16| [ERROR]: Ошибка ноды The operation failed.(Bad) ns=1;s=GPRS 2073.Серова 451.Параметры.Вход5
|11.28.2025 11:43:16| [ERROR]: Ошибка ноды The operation failed.(Bad) ns=1;s=GPRS 2073.Серова 451.Параметры.Вход1
|11.28.2025 11:43:16| [ERROR]: Ошибка ноды The operation failed.(Bad) ns=1;s=GPRS 2073.Серова 451.Параметры.Вход2
|11.28.2025 11:43:16| [ERROR]: Ошибка ноды The operation failed.(Bad) ns=1;s=GPRS 2073.Серова 451.Параметры.Вход3
|11.28.2025 11:43:17| [ERROR]: Ошибка ноды The operation failed.(Bad) ns=1;s=GPRS 2073.Серова 451.Параметры.Вход4
|11.28.2025 11:43:22| [ERROR]: Ошибка ноды The operation failed.(Bad) ns=1;s=GPRS 2072.Абрамовой 2.Параметры.Вход5
|11.28.2025 11:43:22| [ERROR]: Ошибка ноды The operation failed.(Bad) ns=1;s=GPRS 2072.Абрамовой 2.Параметры.Вход1
|11.28.2025 11:43:22| [ERROR]: Ошибка ноды The operation failed.(Bad) ns=1;s=GPRS 2072.Абрамовой 2.Параметры.Вход2
|11.28.2025 11:43:23| [ERROR]: Ошибка ноды The operation failed.(Bad) ns=1;s=GPRS 2072.Абрамовой 2.Параметры.Вход3
|11.28.2025 11:43:23| [ERROR]: Ошибка ноды The operation failed.(Bad) ns=1;s=GPRS 2072.Абрамовой 2.Параметры.Вход4
|11.28.2025 11:43:33| [ERROR]: ⛔️ Нет связи с OPC для Серова, 451 (idkot=0076) — Будет пропущена
|11.28.2025 11:43:33| [ERROR]: ⛔️ Нет связи с OPC для Абрамовой, 2 (idkot=0107) — Будет пропущена
|11.28.2025 11:43:34| [INFO]: (0068) Шпаковская 85 [pgw:3.7,twp66.95,two54.17,pwp3.0,pwo2.01]
|11.28.2025 11:43:34| [INFO]: (0067) Пономарева 5 [pgw:2.88,twp72.83,two60.62,pwp3.8,pwo3.2]
|11.28.2025 11:43:34| [INFO]: (0063) Балахонова, 13 [pgw:3.21,twp68.53,two61.1,pwp3.06,pwo2.15]
|11.28.2025 11:43:35| [INFO]: (0065) Краснофлотская 187 [pgw:0.82,twp70.67,two57.23,pwp1.82,pwo0.81]
|11.28.2025 11:43:35| [INFO]: (0064) Голенева, 46 [pgw:1.96,twp69.93,two62.47,pwp1.62,pwo1.21]
|11.28.2025 11:43:35| [INFO]: (0037) Балакирева, 5 [pgw:1.9,twp34.21,two30.81,pwp1.9,pwo1.24]
|11.28.2025 11:43:36| [INFO]: (0072) К. Маркса, 65 [pgw:0.02,twp63.12,two53.63,pwp1.82,pwo1.26]
|11.28.2025 11:43:36| [INFO]: (0099) Завокзальная, 33а к.А [pgw:0.007143629789352417,twp66.18,two57.37278747558594,pwp2.4606979370117186,pwo1.3350408935546876]
|11.28.2025 11:43:36| [INFO]: (0074) Фрунзе, 8 [pgw:3.54,twp61.12,two53.47,pwp3.51,pwo2.0]
|11.28.2025 11:43:36| [INFO]: (0079) Гоголя, 36 [pgw:3.97,twp63.51,two54.32,pwp2.64,pwo1.77]
|11.28.2025 11:43:37| [INFO]: (0075) Голенева, 6а [pgw:3.79,twp58.99,two51.38,pwp2.34,pwo1.64]
|11.28.2025 11:43:37| [INFO]: (0081) Воронежская, 14 [pgw:3.94,twp68.42,two58.1,pwp2.86,pwo2.03]
|11.28.2025 11:43:37| [INFO]: (0111) 4-я Промышленная, 3 [pgw:3.65,twp66.42,two58.74,pwp3.45,pwo2.6]
|11.28.2025 11:43:38| [INFO]: (0102) Партизанская, 1г [pgw:4.73,twp70.0,two52.93,pwp4.75,pwo2.89]
|11.28.2025 11:43:38| [INFO]: (0048) Фрунзе, 2 [pgw:3.8,twp69.92,two61.15,pwp2.78,pwo2.08]
|11.28.2025 11:43:38| [INFO]: (0021) Пушкина, 65 [pgw:2.99,twp66.87,two49.89,pwp3.88,pwo3.13]
|11.28.2025 11:43:39| [INFO]: (2017) Р.Люксембург, 65 [pgw:9.58,twp57.59,two52.18,pwp5.46,pwo2.81]
|11.28.2025 11:43:39| [INFO]: (0050) Октябрьская, 66 [pgw:4.69,twp54.11,two48.99,pwp3.34,pwo2.37]
|11.28.2025 11:43:39| [INFO]: (0103) Старомарьевское, 7 [pgw:0.0,twp68.62,two0.0,pwp1.45,pwo1.25]
|11.28.2025 11:43:39| [INFO]: (0056) Дзержинского, 161 [pgw:3.84,twp65.38,two59.47,pwp1.84,pwo1.27]
|11.28.2025 11:43:40| [INFO]: (0024) Объездная, 31 [pgw:4.27,twp55.49,two50.08,pwp2.72,pwo1.42]
|11.28.2025 11:43:40| [INFO]: (0212) Старомарьевское, 5 [pgw:2.62,twp64.35,two61.67,pwp1.34,pwo1.28]
|11.28.2025 11:43:40| [INFO]: (0211) Доваторцев, 86/3 [pgw:3.14,twp71.73,two63.38,pwp4.14,pwo3.44]
|11.28.2025 11:43:41| [INFO]: (0060) Чапаева, 4 [pgw:0.0,twp67.09,two52.92,pwp2.25,pwo1.55]
|11.28.2025 11:43:41| [INFO]: (0116) 2й Юго-Западный, 9 [pgw:0.0,twp65.68344116210938,two0.0,pwp0.026378629207611085,pwo0.0]
|11.28.2025 11:43:41| [INFO]: (0014) 8 марта, 164Б [pgw:1.64,twp33.14,two26.19,pwp2.95,pwo2.15]
|11.28.2025 11:43:41| [INFO]: (0073) К. Маркса, 77 [pgw:1.59,twp61.78,two50.82,pwp1.87,pwo0.91]
|11.28.2025 11:43:42| [INFO]: (0049) Октябрьская, 159 [pgw:0.04577274799346924,twp70.73068237304688,two64.74223327636719,pwp0.02463792085647583,pwo0.01803061008453369]
|11.28.2025 11:43:42| [INFO]: (0100) Завокзальная, 33а к.Б [pgw:0.0,twp72.1,two54.79765319824219,pwp0.029543759822845458,pwo0.0]
|11.28.2025 11:43:42| [INFO]: (0090) Селекционная станция 3 [pgw:0.03,twp26.85,two23.41,pwp0.02,pwo0.01]
|11.28.2025 11:43:42| [INFO]: ✅ Все данные за 2025-11-28 успешно обработаны
|11.28.2025 11:43:42| [INFO]: Опрос завершен
|12.01.2025 15:53:07| [INFO]: Начала опроса
|12.01.2025 15:53:17| [ERROR]: Ошибка ноды The operation failed.(Bad) ns=1;s=GPRS 2069.Фрунзе 2.Параметры.Вход5
|12.01.2025 15:53:17| [ERROR]: Ошибка ноды The operation failed.(Bad) ns=1;s=GPRS 2069.Фрунзе 2.Параметры.Вход1
|12.01.2025 15:53:17| [ERROR]: Ошибка ноды The operation failed.(Bad) ns=1;s=GPRS 2069.Фрунзе 2.Параметры.Вход2
|12.01.2025 15:53:18| [ERROR]: Ошибка ноды The operation failed.(Bad) ns=1;s=GPRS 2069.Фрунзе 2.Параметры.Вход3
|12.01.2025 15:53:18| [ERROR]: Ошибка ноды The operation failed.(Bad) ns=1;s=GPRS 2069.Фрунзе 2.Параметры.Вход4
|12.01.2025 15:53:27| [ERROR]: ⛔️ Нет связи с OPC для Фрунзе, 2 (idkot=0048) — Будет пропущена
|12.01.2025 15:53:27| [ERROR]: ⛔️ Нет связи с OPC для Старомарьевское, 3 (idkot=0110) — Будет пропущена
|12.01.2025 15:53:36| [INFO]: ✅ Все данные за 2025-12-01 успешно обработаны
|12.01.2025 15:53:36| [INFO]: Опрос завершен
|12.01.2025 15:54:49| [INFO]: Начала опроса
|12.01.2025 15:54:59| [ERROR]: Ошибка ноды The operation failed.(Bad) ns=1;s=GPRS 2069.Фрунзе 2.Параметры.Вход5
|12.01.2025 15:54:59| [ERROR]: Ошибка ноды The operation failed.(Bad) ns=1;s=GPRS 2069.Фрунзе 2.Параметры.Вход1
|12.01.2025 15:55:00| [ERROR]: Ошибка ноды The operation failed.(Bad) ns=1;s=GPRS 2069.Фрунзе 2.Параметры.Вход2
|12.01.2025 15:55:00| [ERROR]: Ошибка ноды The operation failed.(Bad) ns=1;s=GPRS 2069.Фрунзе 2.Параметры.Вход3
|12.01.2025 15:55:00| [ERROR]: Ошибка ноды The operation failed.(Bad) ns=1;s=GPRS 2069.Фрунзе 2.Параметры.Вход4
|12.01.2025 15:55:09| [INFO]: Values: {'0014': {'Pgw': 3.200411682128906,
          'Pwo': 3.8932733154296875,
          'Pwp': 5.49544677734375,
          'Two': 52.374717712402344,
          'Twp': 67.35291290283203,
          'adr': '8 марта, 164Б'},
 '0021': {'Pgw': 2.997725524902344,
          'Pwo': 3.3346994018554685,
          'Pwp': 4.62624267578125,
          'Two': 49.236480712890625,
          'Twp': 64.83302307128906,
          'adr': 'Пушкина, 65'},
 '0024': {'Pgw': 4.6437530517578125,
          'Pwo': 1.0361450958251952,
          'Pwp': 2.810183410644531,
          'Two': 43.28715515136719,
          'Twp': 48.910011291503906,
          'adr': 'Объездная, 31'},
 '0037': {'Pgw': 0.09655481338500976,
          'Pwo': 0.07651453971862793,
          'Pwp': 0.09223882675170898,
          'Two': 11.25121021270752,
          'Twp': 12.313651084899902,
          'adr': 'Балакирева, 5'},
 '0044': {'Pgw': 0.0,
          'Pwo': 0.0,
          'Pwp': 0.0,
          'Two': 0,
          'Twp': 0,
          'adr': 'Бабушкина, 2В'},
 '0048': {'Pgw': 0.0,
          'Pwo': 0.0,
          'Pwp': 0.0,
          'Two': 0,
          'Twp': 0,
          'adr': 'Фрунзе, 2'},
 '0049': {'Pgw': 0.04958753108978271,
          'Pwo': 0.018424140214920046,
          'Pwp': 0.024993319511413575,
          'Two': 66.14014434814453,
          'Twp': 73.52928161621094,
          'adr': 'Октябрьская, 159'},
 '0050': {'Pgw': 4.532865295410156,
          'Pwo': 2.3732040405273436,
          'Pwp': 3.6121173095703125,
          'Two': 38.96210479736328,
          'Twp': 45.17082977294922,
          'adr': 'Октябрьская, 66'},
 '0055': {'Pgw': 0.024980599880218505,
          'Pwo': 0.024181010723114012,
          'Pwp': 0.03604763984680176,
          'Two': 0,
          'Twp': 68.59228515625,
          'adr': 'Репина, 146'},
 '0056': {'Pgw': 3.1400665283203124,
          'Pwo': 1.8341874694824218,
          'Pwp': 2.487965545654297,
          'Two': 52.592552185058594,
          'Twp': 57.438751220703125,
          'adr': 'Дзержинского, 161'},
 '0060': {'Pgw': 0.0,
          'Pwo': 0.0033667901158332823,
          'Pwp': 0.004766730070114136,
          'Two': 55.33436584472656,
          'Twp': 69.59049987792969,
          'adr': 'Чапаева, 4'},
 '0063': {'Pgw': 3.7717529296875,
          'Pwo': 2.3045382690429688,
          'Pwp': 3.020269470214844,
          'Two': 58.743106842041016,
          'Twp': 65.95550537109375,
          'adr': 'Балахонова, 13'},
 '0064': {'Pgw': 0.02851983070373535,
          'Pwo': 0.0228331995010376,
          'Pwp': 0.03210000038146973,
          'Two': 52.37434387207031,
          'Twp': 63.09033203125,
          'adr': 'Голенева, 46'},
 '0065': {'Pgw': 0.037693300247192384,
          'Pwo': 0.0172824501991272,
          'Pwp': 0.03158725023269653,
          'Two': 51.5982666015625,
          'Twp': 62.485023498535156,
          'adr': 'Краснофлотская 187'},
 '0067': {'Pgw': 3.0446878051757813,
          'Pwo': 2.310041046142578,
          'Pwp': 3.462466125488281,
          'Two': 55.570068359375,
          'Twp': 67.47846984863281,
          'adr': 'Пономарева 5'},
 '0068': {'Pgw': 3.5437326049804687,
          'Pwo': 1.7751951599121094,
          'Pwp': 2.68097900390625,
          'Two': 49.47138214111328,
          'Twp': 66.15861511230469,
          'adr': 'Шпаковская 85'},
 '0072': {'Pgw': 0.03793241024017334,
          'Pwo': 0.026525371074676514,
          'Pwp': 0.037272789478302,
          'Two': 41.487823486328125,
          'Twp': 46.15711975097656,
          'adr': 'К. Маркса, 65'},
 '0073': {'Pgw': -0.02,
          'Pwo': 0.023678839206695557,
          'Pwp': 0.036984779834747315,
          'Two': 41.64741897583008,
          'Twp': 47.771236419677734,
          'adr': 'К. Маркса, 77'},
 '0074': {'Pgw': 3.9126968383789062,
          'Pwo': 2.7769546508789062,
          'Pwp': 4.03798095703125,
          'Two': 40.96788024902344,
          'Twp': 49.52320098876953,
          'adr': 'Фрунзе, 8'},
 '0075': {'Pgw': 4.231629333496094,
          'Pwo': 1.9004591369628907,
          'Pwp': 2.406779022216797,
          'Two': 46.70652389526367,
          'Twp': 52.46846389770508,
          'adr': 'Голенева, 6а'},
 '0076': {'Pgw': 3.6314691162109374,
          'Pwo': 2.901957702636719,
          'Pwp': 3.592287902832031,
          'Two': 44.84095001220703,
          'Twp': 47.40886688232422,
          'adr': 'Серова, 451'},
 '0079': {'Pgw': 1.9582492065429689,
          'Pwo': 1.8790370178222657,
          'Pwp': 2.831500244140625,
          'Two': 46.684715270996094,
          'Twp': 51.59161376953125,
          'adr': 'Гоголя, 36'},
 '0081': {'Pgw': 2.8110391235351564,
          'Pwo': 1.8000906372070313,
          'Pwp': 2.8625759887695312,
          'Two': 52.33821105957031,
          'Twp': 63.22105407714844,
          'adr': 'Воронежская, 14'},
 '0090': {'Pgw': 0.06883384227752685,
          'Pwo': 0.021316349506378174,
          'Pwp': 0.0333067798614502,
          'Two': 46.291080474853516,
          'Twp': 53.19190216064453,
          'adr': 'Селекционная станция 3'},
 '0099': {'Pgw': 0.0056327801942825315,
          'Pwo': 1.317854461669922,
          'Pwp': 2.429954376220703,
          'Two': 57.781951904296875,
          'Twp': 65.7287368774414,
          'adr': 'Завокзальная, 33а к.А'},
 '0100': {'Pgw': 0.0,
          'Pwo': 0.0,
          'Pwp': 0.0291642689704895,
          'Two': 55.12018966674805,
          'Twp': 0,
          'adr': 'Завокзальная, 33а к.Б'},
 '0102': {'Pgw': 4.662794494628907,
          'Pwo': 3.0193524169921875,
          'Pwp': 5.094768981933594,
          'Two': 52.97968673706055,
          'Twp': 65.52818298339844,
          'adr': 'Партизанская, 1г'},
 '0103': {'Pgw': 0.0,
          'Pwo': 0.0020980800688266753,
          'Pwp': 0.0024368099868297575,
          'Two': 0,
          'Twp': 64.66188049316406,
          'adr': 'Старомарьевское, 7'},
 '0107': {'Pgw': 4.402156066894531,
          'Pwo': 2.003037414550781,
          'Pwp': 2.5114675903320314,
          'Two': 43.71026611328125,
          'Twp': 49.82677459716797,
          'adr': 'Абрамовой, 2'},
 '0110': {'Pgw': 0.0,
          'Pwo': 0.0,
          'Pwp': 0.0,
          'Two': 0,
          'Twp': 0,
          'adr': 'Старомарьевское, 3'},
 '0111': {'Pgw': 3.8384225463867185,
          'Pwo': 2.783841247558594,
          'Pwp': 4.098787841796875,
          'Two': 63.36882781982422,
          'Twp': 70.94242095947266,
          'adr': '4-я Промышленная, 3'},
 '0116': {'Pgw': 0.0,
          'Pwo': 0.0,
          'Pwp': 0.026267929077148436,
          'Two': 0,
          'Twp': 65.01760864257812,
          'adr': '2й Юго-Западный, 9'},
 '0211': {'Pgw': 2.8350863647460938,
          'Pwo': 3.0746810913085936,
          'Pwp': 3.760533752441406,
          'Two': 59.46940612792969,
          'Twp': 68.58438873291016,
          'adr': 'Доваторцев, 86/3'},
 '2017': {'Pgw': 9.076776123046875,
          'Pwo': 2.9308700561523438,
          'Pwp': 5.614306030273437,
          'Two': 50.338600158691406,
          'Twp': 52.00373840332031,
          'adr': 'Р.Люксембург, 65'}}
|12.01.2025 15:55:09| [ERROR]: ⛔️ Нет связи с OPC для Фрунзе, 2 (idkot=0048) — Будет пропущена
|12.01.2025 15:55:09| [ERROR]: ⛔️ Нет связи с OPC для Старомарьевское, 3 (idkot=0110) — Будет пропущена
|12.01.2025 15:55:18| [INFO]: ✅ Все данные за 2025-12-01 успешно обработаны
|12.01.2025 15:55:18| [INFO]: Опрос завершен
|12.01.2025 15:57:03| [INFO]: Начала опроса
|12.01.2025 15:57:23| [INFO]: Values: {'0014': {'Pgw': 3.1962265014648437,
          'Pwo': 3.8569476318359377,
          'Pwp': 5.465198974609375,
          'Two': 52.50568389892578,
          'Twp': 67.22686004638672,
          'adr': '8 марта, 164Б'},
 '0021': {'Pgw': 2.949837951660156,
          'Pwo': 3.3296630859375,
          'Pwp': 4.618365478515625,
          'Two': 48.99353790283203,
          'Twp': 64.5643539428711,
          'adr': 'Пушкина, 65'},
 '0024': {'Pgw': 4.6420376586914065,
          'Pwo': 1.0586968231201173,
          'Pwp': 2.810183410644531,
          'Two': 43.390533447265625,
          'Twp': 46.104270935058594,
          'adr': 'Объездная, 31'},
 '0037': {'Pgw': 0.09626566886901855,
          'Pwo': 0.07649572849273682,
          'Pwp': 0.09200345993041992,
          'Two': 11.231125831604004,
          'Twp': 12.34277057647705,
          'adr': 'Балакирева, 5'},
 '0044': {'Pgw': 0.0,
          'Pwo': 0.0,
          'Pwp': 0.0,
          'Two': 0,
          'Twp': 0,
          'adr': 'Бабушкина, 2В'},
 '0048': {'Pgw': 4.300292053222656,
          'Pwo': 2.4719813537597655,
          'Pwp': 3.0552593994140627,
          'Two': 58.70903778076172,
          'Twp': 70.24346923828125,
          'adr': 'Фрунзе, 2'},
 '0049': {'Pgw': 0.049321041107177735,
          'Pwo': 0.018309179544448852,
          'Pwp': 0.024901580810546876,
          'Two': 65.53453063964844,
          'Twp': 70.4732437133789,
          'adr': 'Октябрьская, 159'},
 '0050': {'Pgw': 4.5390145874023435,
          'Pwo': 2.3814518737792967,
          'Pwp': 3.63559326171875,
          'Two': 38.9156494140625,
          'Twp': 45.03955841064453,
          'adr': 'Октябрьская, 66'},
 '0055': {'Pgw': 0.024968440532684325,
          'Pwo': 0.02418639898300171,
          'Pwp': 0.03605534076690674,
          'Two': 0,
          'Twp': 68.66287231445312,
          'adr': 'Репина, 146'},
 '0056': {'Pgw': 3.3206536865234373,
          'Pwo': 1.8191160583496093,
          'Pwp': 2.4674418640136717,
          'Two': 52.749969482421875,
          'Twp': 57.51959228515625,
          'adr': 'Дзержинского, 161'},
 '0060': {'Pgw': 0.0,
          'Pwo': 0.003385089933872223,
          'Pwp': 0.00470566987991333,
          'Two': 55.31788635253906,
          'Twp': 69.51823425292969,
          'adr': 'Чапаева, 4'},
 '0063': {'Pgw': 3.7991876220703125,
          'Pwo': 2.307356414794922,
          'Pwp': 3.020097351074219,
          'Two': 58.935394287109375,
          'Twp': 66.1744384765625,
          'adr': 'Балахонова, 13'},
 '0064': {'Pgw': 0.030567131042480468,
          'Pwo': 0.022794089317321777,
          'Pwp': 0.03211381912231445,
          'Two': 52.37760543823242,
          'Twp': 63.096336364746094,
          'adr': 'Голенева, 46'},
 '0065': {'Pgw': 0.03735713005065918,
          'Pwo': 0.01730072021484375,
          'Pwp': 0.031628000736236575,
          'Two': 51.644775390625,
          'Twp': 62.458160400390625,
          'adr': 'Краснофлотская 187'},
 '0067': {'Pgw': 3.0526718139648437,
          'Pwo': 2.3653553771972655,
          'Pwp': 3.542657775878906,
          'Two': 55.66304016113281,
          'Twp': 68.26897430419922,
          'adr': 'Пономарева 5'},
 '0068': {'Pgw': 3.5163619995117186,
          'Pwo': 1.7794017028808593,
          'Pwp': 2.6848809814453123,
          'Two': 49.90981674194336,
          'Twp': 66.1999282836914,
          'adr': 'Шпаковская 85'},
 '0072': {'Pgw': 0.038280301094055176,
          'Pwo': 0.02650341033935547,
          'Pwp': 0.03724970102310181,
          'Two': 41.49117660522461,
          'Twp': 46.37419891357422,
          'adr': 'К. Маркса, 65'},
 '0073': {'Pgw': -0.02,
          'Pwo': 0.023606889247894287,
          'Pwp': 0.03697252035140991,
          'Two': 41.64741897583008,
          'Twp': 47.709041595458984,
          'adr': 'К. Маркса, 77'},
 '0074': {'Pgw': 3.9945028686523436,
          'Pwo': 2.7510299682617188,
          'Pwp': 3.948116455078125,
          'Two': 41.68712615966797,
          'Twp': 49.91985321044922,
          'adr': 'Фрунзе, 8'},
 '0075': {'Pgw': 4.282142028808594,
          'Pwo': 1.893378448486328,
          'Pwp': 2.399585418701172,
          'Two': 46.232418060302734,
          'Twp': 49.57456970214844,
          'adr': 'Голенева, 6а'},
 '0076': {'Pgw': 3.636044921875,
          'Pwo': 2.789920654296875,
          'Pwp': 3.491247253417969,
          'Two': 44.35467529296875,
          'Twp': 53.12037658691406,
          'adr': 'Серова, 451'},
 '0079': {'Pgw': 1.9373655700683594,
          'Pwo': 1.8100404357910156,
          'Pwp': 2.7430374145507814,
          'Two': 46.73106384277344,
          'Twp': 48.51476287841797,
          'adr': 'Гоголя, 36'},
 '0081': {'Pgw': 3.294476318359375,
          'Pwo': 1.8191950988769532,
          'Pwp': 2.8760025024414064,
          'Two': 52.46556854248047,
          'Twp': 63.20933532714844,
          'adr': 'Воронежская, 14'},
 '0090': {'Pgw': 0.06906405925750732,
          'Pwo': 0.02132292985916138,
          'Pwp': 0.03328399896621704,
          'Two': 46.31136703491211,
          'Twp': 53.15425491333008,
          'adr': 'Селекционная станция 3'},
 '0099': {'Pgw': 0.016959760189056396,
          'Pwo': 1.3072395324707031,
          'Pwp': 2.469921112060547,
          'Two': 57.434776306152344,
          'Twp': 68.3785400390625,
          'adr': 'Завокзальная, 33а к.А'},
 '0100': {'Pgw': 0.0,
          'Pwo': 0.0,
          'Pwp': 0.02845525026321411,
          'Two': 55.23851776123047,
          'Twp': 0,
          'adr': 'Завокзальная, 33а к.Б'},
 '0102': {'Pgw': 4.762677612304688,
          'Pwo': 3.044187316894531,
          'Pwp': 5.0681610107421875,
          'Two': 51.10395812988281,
          'Twp': 66.08707427978516,
          'adr': 'Партизанская, 1г'},
 '0103': {'Pgw': 0.0,
          'Pwo': 0.0021003800630569457,
          'Pwp': 0.002440740019083023,
          'Two': 0,
          'Twp': 63.98881530761719,
          'adr': 'Старомарьевское, 7'},
 '0107': {'Pgw': 4.42788330078125,
          'Pwo': 1.9958056640625,
          'Pwp': 2.47335693359375,
          'Two': 43.906883239746094,
          'Twp': 49.00708770751953,
          'adr': 'Абрамовой, 2'},
 '0110': {'Pgw': 0.0,
          'Pwo': 0.0,
          'Pwp': 0.0,
          'Two': 0,
          'Twp': 0,
          'adr': 'Старомарьевское, 3'},
 '0111': {'Pgw': 3.7952789306640624,
          'Pwo': 2.7433517456054686,
          'Pwp': 4.068482055664062,
          'Two': 61.56867218017578,
          'Twp': 69.72432708740234,
          'adr': '4-я Промышленная, 3'},
 '0116': {'Pgw': 0.0,
          'Pwo': 0.0,
          'Pwp': 0.026267080307006835,
          'Two': 0,
          'Twp': 68.19841766357422,
          'adr': '2й Юго-Западный, 9'},
 '0211': {'Pgw': 2.8345587158203127,
          'Pwo': 3.1098843383789063,
          'Pwp': 3.8035372924804687,
          'Two': 59.77110290527344,
          'Twp': 70.30059051513672,
          'adr': 'Доваторцев, 86/3'},
 '2017': {'Pgw': 9.096450805664062,
          'Pwo': 2.9085952758789064,
          'Pwp': 5.6110467529296875,
          'Two': 50.36188507080078,
          'Twp': 52.084999084472656,
          'adr': 'Р.Люксембург, 65'}}
|12.01.2025 15:57:23| [ERROR]: ⛔️ Нет связи с OPC для Старомарьевское, 3 (idkot=0110) — Будет пропущена
|12.01.2025 15:57:23| [INFO]: Данные которые идут в базу 
|12.01.2025 15:57:23| [INFO]: Values: {'0014': {'Pgw': 1.6,
          'Pwo': 1.93,
          'Pwp': 2.73,
          'Two': 26.25,
          'Twp': 33.61,
          'adr': '8 марта, 164Б'},
 '0021': {'Pgw': 3.02,
          'Pwo': 3.16,
          'Pwp': 3.86,
          'Two': 49.7,
          'Twp': 66.88,
          'adr': 'Пушкина, 65'},
 '0024': {'Pgw': 4.67,
          'Pwo': 1.38,
          'Pwp': 2.66,
          'Two': 50.45,
          'Twp': 56.6,
          'adr': 'Объездная, 31'},
 '0037': {'Pgw': 1.9,
          'Pwo': 1.24,
          'Pwp': 1.9,
          'Two': 30.82,
          'Twp': 34.22,
          'adr': 'Балакирева, 5'},
 '0048': {'Pgw': 3.85,
          'Pwo': 2.14,
          'Pwp': 2.78,
          'Two': 61.2,
          'Twp': 69.22,
          'adr': 'Фрунзе, 2'},
 '0049': {'Pgw': 0.049321041107177735,
          'Pwo': 0.018309179544448852,
          'Pwp': 0.024901580810546876,
          'Two': 65.53453063964844,
          'Twp': 70.4732437133789,
          'adr': 'Октябрьская, 159'},
 '0050': {'Pgw': 4.77,
          'Pwo': 2.29,
          'Pwp': 3.32,
          'Two': 48.71,
          'Twp': 56.12,
          'adr': 'Октябрьская, 66'},
 '0056': {'Pgw': 3.81,
          'Pwo': 1.41,
          'Pwp': 2.03,
          'Two': 59.02,
          'Twp': 65.61,
          'adr': 'Дзержинского, 161'},
 '0060': {'Pgw': 0.0,
          'Pwo': 1.55,
          'Pwp': 2.25,
          'Two': 52.91,
          'Twp': 66.81,
          'adr': 'Чапаева, 4'},
 '0063': {'Pgw': 3.25,
          'Pwo': 2.15,
          'Pwp': 3.06,
          'Two': 60.87,
          'Twp': 68.94,
          'adr': 'Балахонова, 13'},
 '0064': {'Pgw': 1.97,
          'Pwo': 1.21,
          'Pwp': 1.62,
          'Two': 62.79,
          'Twp': 70.5,
          'adr': 'Голенева, 46'},
 '0065': {'Pgw': 0.82,
          'Pwo': 0.81,
          'Pwp': 1.82,
          'Two': 57.27,
          'Twp': 70.68,
          'adr': 'Краснофлотская 187'},
 '0067': {'Pgw': 3.03,
          'Pwo': 2.68,
          'Pwp': 3.52,
          'Two': 61.18,
          'Twp': 72.73,
          'adr': 'Пономарева 5'},
 '0068': {'Pgw': 3.66,
          'Pwo': 1.99,
          'Pwp': 2.99,
          'Two': 55.35,
          'Twp': 68.05,
          'adr': 'Шпаковская 85'},
 '0072': {'Pgw': 0.02,
          'Pwo': 1.26,
          'Pwp': 1.82,
          'Two': 53.35,
          'Twp': 62.44,
          'adr': 'К. Маркса, 65'},
 '0073': {'Pgw': 1.59,
          'Pwo': 0.91,
          'Pwp': 1.87,
          'Two': 50.72,
          'Twp': 61.85,
          'adr': 'К. Маркса, 77'},
 '0074': {'Pgw': 3.65,
          'Pwo': 2.23,
          'Pwp': 3.77,
          'Two': 55.04,
          'Twp': 62.71,
          'adr': 'Фрунзе, 8'},
 '0075': {'Pgw': 3.89,
          'Pwo': 1.65,
          'Pwp': 2.35,
          'Two': 53.62,
          'Twp': 60.29,
          'adr': 'Голенева, 6а'},
 '0076': {'Pgw': 3.67,
          'Pwo': 2.44,
          'Pwp': 3.35,
          'Two': 52.23,
          'Twp': 60.61,
          'adr': 'Серова, 451'},
 '0079': {'Pgw': 3.97,
          'Pwo': 1.76,
          'Pwp': 2.62,
          'Two': 55.52,
          'Twp': 63.86,
          'adr': 'Гоголя, 36'},
 '0081': {'Pgw': 3.85,
          'Pwo': 2.06,
          'Pwp': 2.89,
          'Two': 57.98,
          'Twp': 68.4,
          'adr': 'Воронежская, 14'},
 '0090': {'Pgw': 0.03,
          'Pwo': 0.01,
          'Pwp': 0.02,
          'Two': 23.16,
          'Twp': 26.58,
          'adr': 'Селекционная станция 3'},
 '0099': {'Pgw': 0.016959760189056396,
          'Pwo': 1.3072395324707031,
          'Pwp': 2.469921112060547,
          'Two': 57.434776306152344,
          'Twp': 66.34,
          'adr': 'Завокзальная, 33а к.А'},
 '0100': {'Pgw': 0.0,
          'Pwo': 0.0,
          'Pwp': 0.02845525026321411,
          'Two': 55.23851776123047,
          'Twp': 72.1,
          'adr': 'Завокзальная, 33а к.Б'},
 '0102': {'Pgw': 4.83,
          'Pwo': 2.97,
          'Pwp': 4.73,
          'Two': 54.65,
          'Twp': 70.79,
          'adr': 'Партизанская, 1г'},
 '0103': {'Pgw': 0.0,
          'Pwo': 1.25,
          'Pwp': 1.45,
          'Two': 0.0,
          'Twp': 70.99,
          'adr': 'Старомарьевское, 7'},
 '0107': {'Pgw': 3.81,
          'Pwo': 2.1,
          'Pwp': 2.54,
          'Two': 51.35,
          'Twp': 56.85,
          'adr': 'Абрамовой, 2'},
 '0111': {'Pgw': 3.7,
          'Pwo': 2.62,
          'Pwp': 3.48,
          'Two': 58.63,
          'Twp': 68.26,
          'adr': '4-я Промышленная, 3'},
 '0116': {'Pgw': 0.0,
          'Pwo': 0.0,
          'Pwp': 0.026267080307006835,
          'Two': 0.0,
          'Twp': 68.19841766357422,
          'adr': '2й Юго-Западный, 9'},
 '0211': {'Pgw': 3.12,
          'Pwo': 3.5,
          'Pwp': 4.2,
          'Two': 62.89,
          'Twp': 72.45,
          'adr': 'Доваторцев, 86/3'},
 '2017': {'Pgw': 9.4,
          'Pwo': 2.8,
          'Pwp': 5.46,
          'Two': 51.83,
          'Twp': 57.34,
          'adr': 'Р.Люксембург, 65'}}
|12.01.2025 15:57:33| [INFO]: ✅ Все данные за 2025-12-01 успешно обработаны
|12.01.2025 15:57:33| [INFO]: Опрос завершен
|12.02.2025 09:55:16| [INFO]: Начала опроса
|12.02.2025 09:55:25| [ERROR]: Ошибка ноды The operation failed.(Bad) ns=1;s=GPRS 2072.Абрамовой 2.Параметры.Вход5
|12.02.2025 09:55:25| [ERROR]: Ошибка ноды The operation failed.(Bad) ns=1;s=GPRS 2072.Абрамовой 2.Параметры.Вход1
|12.02.2025 09:55:25| [ERROR]: Ошибка ноды The operation failed.(Bad) ns=1;s=GPRS 2072.Абрамовой 2.Параметры.Вход2
|12.02.2025 09:55:25| [ERROR]: Ошибка ноды The operation failed.(Bad) ns=1;s=GPRS 2072.Абрамовой 2.Параметры.Вход3
|12.02.2025 09:55:26| [ERROR]: Ошибка ноды The operation failed.(Bad) ns=1;s=GPRS 2072.Абрамовой 2.Параметры.Вход4
|12.02.2025 09:55:36| [INFO]: Values: {'0014': {'Pgw': 3.271271057128906,
          'Pwo': 4.471159973144531,
          'Pwp': 6.075574340820313,
          'Two': 52.44398498535156,
          'Twp': 67.31962585449219,
          'adr': '8 марта, 164Б'},
 '0021': {'Pgw': 2.8968560791015623,
          'Pwo': 3.1699957275390624,
          'Pwp': 4.461344299316406,
          'Two': 48.71587371826172,
          'Twp': 64.0386962890625,
          'adr': 'Пушкина, 65'},
 '0024': {'Pgw': 4.470458984375,
          'Pwo': 1.070277099609375,
          'Pwp': 2.8552606201171873,
          'Two': 44.36688995361328,
          'Twp': 48.96821594238281,
          'adr': 'Объездная, 31'},
 '0037': {'Pgw': 0.09574822425842285,
          'Pwo': 0.07617424011230468,
          'Pwp': 0.09143324851989747,
          'Two': 11.208264350891113,
          'Twp': 12.337864875793457,
          'adr': 'Балакирева, 5'},
 '0044': {'Pgw': 0.0,
          'Pwo': 0.0,
          'Pwp': 0.0,
          'Two': 0,
          'Twp': 0,
          'adr': 'Бабушкина, 2В'},
 '0048': {'Pgw': 4.158027038574219,
          'Pwo': 2.502469940185547,
          'Pwp': 3.131849365234375,
          'Two': 58.20407485961914,
          'Twp': 69.0057601928711,
          'adr': 'Фрунзе, 2'},
 '0049': {'Pgw': 0.048190011978149414,
          'Pwo': 0.01873497009277344,
          'Pwp': 0.025276360511779786,
          'Two': 65.62548065185547,
          'Twp': 73.1873550415039,
          'adr': 'Октябрьская, 159'},
 '0050': {'Pgw': 4.5308160400390625,
          'Pwo': 2.4381565856933594,
          'Pwp': 3.7197634887695314,
          'Two': 39.05503845214844,
          'Twp': 45.31404113769531,
          'adr': 'Октябрьская, 66'},
 '0055': {'Pgw': 0.024515089988708497,
          'Pwo': 0.023945469856262207,
          'Pwp': 0.03603545904159546,
          'Two': 0,
          'Twp': 68.34319305419922,
          'adr': 'Репина, 146'},
 '0056': {'Pgw': -0.47599838256835936,
          'Pwo': 2.1479798889160158,
          'Pwp': 2.9512066650390625,
          'Two': 52.62628173828125,
          'Twp': 57.334800720214844,
          'adr': 'Дзержинского, 161'},
 '0060': {'Pgw': 0.0,
          'Pwo': 0.0034765800833702087,
          'Pwp': 0.004742299914360046,
          'Two': 54.94807434082031,
          'Twp': 71.07035827636719,
          'adr': 'Чапаева, 4'},
 '0063': {'Pgw': 3.895706787109375,
          'Pwo': 2.29801513671875,
          'Pwp': 3.005282287597656,
          'Two': 59.30303192138672,
          'Twp': 63.60736083984375,
          'adr': 'Балахонова, 13'},
 '0064': {'Pgw': 0.023129549026489258,
          'Pwo': 0.023039910793304443,
          'Pwp': 0.03229367971420288,
          'Two': 52.15268325805664,
          'Twp': 63.09405517578125,
          'adr': 'Голенева, 46'},
 '0065': {'Pgw': 0.03795188903808594,
          'Pwo': 0.016984430551528932,
          'Pwp': 0.0313468599319458,
          'Two': 50.92119216918945,
          'Twp': 60.276241302490234,
          'adr': 'Краснофлотская 187'},
 '0067': {'Pgw': 2.6970611572265626,
          'Pwo': 2.3068618774414062,
          'Pwp': 3.500451965332031,
          'Two': 55.558441162109375,
          'Twp': 67.52237701416016,
          'adr': 'Пономарева 5'},
 '0068': {'Pgw': 3.5374383544921875,
          'Pwo': 1.745811004638672,
          'Pwp': 2.657095947265625,
          'Two': 50.85408401489258,
          'Twp': 64.88255310058594,
          'adr': 'Шпаковская 85'},
 '0072': {'Pgw': 0.03649471998214722,
          'Pwo': 0.026614999771118163,
          'Pwp': 0.03736916065216064,
          'Two': 41.53096389770508,
          'Twp': 45.161537170410156,
          'adr': 'К. Маркса, 65'},
 '0073': {'Pgw': -0.02,
          'Pwo': 0.02384231090545654,
          'Pwp': 0.03713561058044434,
          'Two': 41.58964157104492,
          'Twp': 47.631343841552734,
          'adr': 'К. Маркса, 77'},
 '0074': {'Pgw': 3.6795425415039062,
          'Pwo': 2.8190841674804688,
          'Pwp': 4.078826904296875,
          'Two': 40.90663528442383,
          'Twp': 49.41502380371094,
          'adr': 'Фрунзе, 8'},
 '0075': {'Pgw': 4.133400268554688,
          'Pwo': 1.8840744018554687,
          'Pwp': 2.3932621765136717,
          'Two': 46.27722930908203,
          'Twp': 50.49480438232422,
          'adr': 'Голенева, 6а'},
 '0076': {'Pgw': 3.2882821655273435,
          'Pwo': 2.829610595703125,
          'Pwp': 3.5476065063476563,
          'Two': 44.62096405029297,
          'Twp': 49.219268798828125,
          'adr': 'Серова, 451'},
 '0079': {'Pgw': 2.018353271484375,
          'Pwo': 1.7294602966308594,
          'Pwp': 2.696264343261719,
          'Two': 46.974395751953125,
          'Twp': 50.690773010253906,
          'adr': 'Гоголя, 36'},
 '0081': {'Pgw': 3.164711608886719,
          'Pwo': 1.8674594116210939,
          'Pwp': 2.872086181640625,
          'Two': 52.55818176269531,
          'Twp': 60.48102569580078,
          'adr': 'Воронежская, 14'},
 '0090': {'Pgw': 0.06695470809936524,
          'Pwo': 0.02122987985610962,
          'Pwp': 0.03319577932357788,
          'Two': 46.085479736328125,
          'Twp': 52.90720748901367,
          'adr': 'Селекционная станция 3'},
 '0099': {'Pgw': -0.001163410022854805,
          'Pwo': 1.2925804138183594,
          'Pwp': 2.4811935424804688,
          'Two': 57.38518524169922,
          'Twp': 67.9859848022461,
          'adr': 'Завокзальная, 33а к.А'},
 '0100': {'Pgw': 0.0,
          'Pwo': 0.0,
          'Pwp': 0.021404869556427,
          'Two': 54.325740814208984,
          'Twp': 0,
          'adr': 'Завокзальная, 33а к.Б'},
 '0102': {'Pgw': 4.462413330078125,
          'Pwo': 2.83689208984375,
          'Pwp': 5.0371182250976565,
          'Two': 47.15264129638672,
          'Twp': 65.79862976074219,
          'adr': 'Партизанская, 1г'},
 '0103': {'Pgw': 0.0,
          'Pwo': 0.0021645300090312957,
          'Pwp': 0.0025203898549079895,
          'Two': 0,
          'Twp': 66.02998352050781,
          'adr': 'Старомарьевское, 7'},
 '0107': {'Pgw': 0.0,
          'Pwo': 0.0,
          'Pwp': 0.0,
          'Two': 0,
          'Twp': 0,
          'adr': 'Абрамовой, 2'},
 '0110': {'Pgw': 0.0,
          'Pwo': 0.0,
          'Pwp': 0.0,
          'Two': 0,
          'Twp': 0,
          'adr': 'Старомарьевское, 3'},
 '0111': {'Pgw': 3.828466491699219,
          'Pwo': 2.832017822265625,
          'Pwp': 4.10906982421875,
          'Two': 61.660400390625,
          'Twp': 69.87659454345703,
          'adr': '4-я Промышленная, 3'},
 '0116': {'Pgw': 0.0,
          'Pwo': 0.0,
          'Pwp': 0.02632369041442871,
          'Two': 0,
          'Twp': 68.23551177978516,
          'adr': '2й Юго-Западный, 9'},
 '0211': {'Pgw': 2.822432556152344,
          'Pwo': 3.080841369628906,
          'Pwp': 3.756817626953125,
          'Two': 60.513763427734375,
          'Twp': 69.04204559326172,
          'adr': 'Доваторцев, 86/3'},
 '2017': {'Pgw': 9.104324340820312,
          'Pwo': 2.9166949462890623,
          'Pwp': 5.614849243164063,
          'Two': 50.187294006347656,
          'Twp': 51.67864227294922,
          'adr': 'Р.Люксембург, 65'}}
|12.02.2025 09:55:36| [ERROR]: Ошибка при выполнении list indices must be integers or slices, not str🔥


|12.02.2025 09:56:04| [INFO]: Начала опроса
|12.02.2025 09:56:24| [INFO]: Values: {'0014': {'Pgw': 3.2454193115234373,
          'Pwo': 4.48660400390625,
          'Pwp': 6.087953491210937,
          'Two': 52.42734146118164,
          'Twp': 67.29367065429688,
          'adr': '8 марта, 164Б'},
 '0021': {'Pgw': 2.9223281860351564,
          'Pwo': 3.43593994140625,
          'Pwp': 4.740726318359375,
          'Two': 48.53077697753906,
          'Twp': 64.0036392211914,
          'adr': 'Пушкина, 65'},
 '0024': {'Pgw': 4.503916625976562,
          'Pwo': 1.0623538970947266,
          'Pwp': 2.841585693359375,
          'Two': 44.52770233154297,
          'Twp': 49.468833923339844,
          'adr': 'Объездная, 31'},
 '0037': {'Pgw': 0.09606477737426758,
          'Pwo': 0.0763712215423584,
          'Pwp': 0.09203937530517578,
          'Two': 11.21569538116455,
          'Twp': 12.30558967590332,
          'adr': 'Балакирева, 5'},
 '0044': {'Pgw': 0.0,
          'Pwo': 0.0,
          'Pwp': 0.0,
          'Two': 0,
          'Twp': 0,
          'adr': 'Бабушкина, 2В'},
 '0048': {'Pgw': 4.126131591796875,
          'Pwo': 2.58494873046875,
          'Pwp': 3.124048767089844,
          'Two': 58.14997100830078,
          'Twp': 70.41638946533203,
          'adr': 'Фрунзе, 2'},
 '0049': {'Pgw': 0.04738262176513672,
          'Pwo': 0.018618500232696532,
          'Pwp': 0.02526634931564331,
          'Two': 65.35942840576172,
          'Twp': 73.32386016845703,
          'adr': 'Октябрьская, 159'},
 '0050': {'Pgw': 4.47957275390625,
          'Pwo': 2.443311309814453,
          'Pwp': 3.6991500854492188,
          'Two': 39.24090576171875,
          'Twp': 45.481117248535156,
          'adr': 'Октябрьская, 66'},
 '0055': {'Pgw': 0.024441580772399902,
          'Pwo': 0.02393651008605957,
          'Pwp': 0.036028831005096434,
          'Two': 0,
          'Twp': 68.16098022460938,
          'adr': 'Репина, 146'},
 '0056': {'Pgw': 2.937866516113281,
          'Pwo': 2.189879150390625,
          'Pwp': 3.0376983642578126,
          'Two': 52.49134826660156,
          'Twp': 57.21928405761719,
          'adr': 'Дзержинского, 161'},
 '0060': {'Pgw': 0.0,
          'Pwo': 0.0034826800227165224,
          'Pwp': 0.004662919938564301,
          'Two': 54.94190979003906,
          'Twp': 71.07734680175781,
          'adr': 'Чапаева, 4'},
 '0063': {'Pgw': 3.7468197631835936,
          'Pwo': 2.3021258544921874,
          'Pwp': 3.00995849609375,
          'Two': 58.986961364746094,
          'Twp': 64.4346923828125,
          'adr': 'Балахонова, 13'},
 '0064': {'Pgw': 0.022907431125640868,
          'Pwo': 0.022965140342712402,
          'Pwp': 0.0323244309425354,
          'Two': 52.13761901855469,
          'Twp': 63.05667495727539,
          'adr': 'Голенева, 46'},
 '0065': {'Pgw': 0.03773787021636963,
          'Pwo': 0.017058030366897584,
          'Pwp': 0.031427180767059325,
          'Two': 50.8830680847168,
          'Twp': 63.57244110107422,
          'adr': 'Краснофлотская 187'},
 '0067': {'Pgw': 2.7140264892578125,
          'Pwo': 2.2970069885253905,
          'Pwp': 3.5097369384765624,
          'Two': 55.616554260253906,
          'Twp': 67.68707275390625,
          'adr': 'Пономарева 5'},
 '0068': {'Pgw': 3.485265808105469,
          'Pwo': 1.743448486328125,
          'Pwp': 2.655000915527344,
          'Two': 50.796897888183594,
          'Twp': 64.42021179199219,
          'adr': 'Шпаковская 85'},
 '0072': {'Pgw': 0.03688601970672607,
          'Pwo': 0.026662371158599853,
          'Pwp': 0.037416419982910155,
          'Two': 41.54160690307617,
          'Twp': 45.77411651611328,
          'adr': 'К. Маркса, 65'},
 '0073': {'Pgw': -0.02,
          'Pwo': 0.023839039802551268,
          'Pwp': 0.03712126970291138,
          'Two': 41.572837829589844,
          'Twp': 47.682769775390625,
          'adr': 'К. Маркса, 77'},
 '0074': {'Pgw': 3.781805114746094,
          'Pwo': 2.7801971435546875,
          'Pwp': 3.993044128417969,
          'Two': 41.426963806152344,
          'Twp': 49.282798767089844,
          'adr': 'Фрунзе, 8'},
 '0075': {'Pgw': 4.141553039550781,
          'Pwo': 1.8809426879882813,
          'Pwp': 2.3871124267578123,
          'Two': 46.12214660644531,
          'Twp': 49.44907760620117,
          'adr': 'Голенева, 6а'},
 '0076': {'Pgw': 3.31777099609375,
          'Pwo': 2.816045837402344,
          'Pwp': 3.5283123779296877,
          'Two': 44.47045135498047,
          'Twp': 46.38102722167969,
          'adr': 'Серова, 451'},
 '0079': {'Pgw': 2.1090191650390624,
          'Pwo': 1.7360073852539062,
          'Pwp': 2.692196960449219,
          'Two': 46.96281433105469,
          'Twp': 51.603309631347656,
          'adr': 'Гоголя, 36'},
 '0081': {'Pgw': 3.2522393798828126,
          'Pwo': 1.8468463134765625,
          'Pwp': 2.911246337890625,
          'Two': 52.75502014160156,
          'Twp': 61.05479431152344,
          'adr': 'Воронежская, 14'},
 '0090': {'Pgw': 0.06730504035949707,
          'Pwo': 0.0212398099899292,
          'Pwp': 0.033247010707855226,
          'Two': 46.05797576904297,
          'Twp': 52.92075729370117,
          'adr': 'Селекционная станция 3'},
 '0099': {'Pgw': 0.00789817988872528,
          'Pwo': 1.3037008666992187,
          'Pwp': 2.436615753173828,
          'Two': 57.84394073486328,
          'Twp': 66.3053207397461,
          'adr': 'Завокзальная, 33а к.А'},
 '0100': {'Pgw': 0.0,
          'Pwo': 0.0,
          'Pwp': 0.02139448881149292,
          'Two': 54.54929733276367,
          'Twp': 0,
          'adr': 'Завокзальная, 33а к.Б'},
 '0102': {'Pgw': 4.577663269042969,
          'Pwo': 2.797865295410156,
          'Pwp': 5.034900817871094,
          'Two': 47.16804504394531,
          'Twp': 63.38268280029297,
          'adr': 'Партизанская, 1г'},
 '0103': {'Pgw': 0.0,
          'Pwo': 0.0021782800555229186,
          'Pwp': 0.002512739896774292,
          'Two': 0,
          'Twp': 65.74064636230469,
          'adr': 'Старомарьевское, 7'},
 '0107': {'Pgw': 4.355951843261718,
          'Pwo': 2.090618133544922,
          'Pwp': 2.5302545166015626,
          'Two': 43.629302978515625,
          'Twp': 48.94853973388672,
          'adr': 'Абрамовой, 2'},
 '0110': {'Pgw': 0.0,
          'Pwo': 0.0,
          'Pwp': 0.0,
          'Two': 0,
          'Twp': 0,
          'adr': 'Старомарьевское, 3'},
 '0111': {'Pgw': 3.73719970703125,
          'Pwo': 2.755140380859375,
          'Pwp': 4.097705383300781,
          'Two': 60.80046081542969,
          'Twp': 68.9630126953125,
          'adr': '4-я Промышленная, 3'},
 '0116': {'Pgw': 0.0,
          'Pwo': 0.0,
          'Pwp': 0.026350769996643066,
          'Two': 0,
          'Twp': 68.66810607910156,
          'adr': '2й Юго-Западный, 9'},
 '0211': {'Pgw': 2.7665472412109375,
          'Pwo': 3.0861224365234374,
          'Pwp': 3.8035372924804687,
          'Two': 60.53697204589844,
          'Twp': 70.07891845703125,
          'adr': 'Доваторцев, 86/3'},
 '2017': {'Pgw': 9.16728515625,
          'Pwo': 2.925301208496094,
          'Pwp': 5.604528198242187,
          'Two': 50.24549102783203,
          'Twp': 51.82957458496094,
          'adr': 'Р.Люксембург, 65'}}
|12.02.2025 09:56:24| [ERROR]: ⛔️ Нет связи с OPC для Старомарьевское, 3 (idkot=0110) — Будет пропущена
|12.02.2025 09:56:24| [INFO]: Данные которые идут в базу 
|12.02.2025 09:56:24| [INFO]: Values: {'0014': {'Pgw': 1.62,
          'Pwo': 2.24,
          'Pwp': 3.04,
          'Two': 26.21,
          'Twp': 33.65,
          'adr': '8 марта, 164Б'},
 '0021': {'Pgw': 3.01,
          'Pwo': 3.22,
          'Pwp': 3.92,
          'Two': 49.47,
          'Twp': 66.6,
          'adr': 'Пушкина, 65'},
 '0024': {'Pgw': 4.6,
          'Pwo': 1.38,
          'Pwp': 2.67,
          'Two': 51.01,
          'Twp': 58.28,
          'adr': 'Объездная, 31'},
 '0037': {'Pgw': 1.9,
          'Pwo': 1.24,
          'Pwp': 1.9,
          'Two': 30.81,
          'Twp': 34.2,
          'adr': 'Балакирева, 5'},
 '0048': {'Pgw': 3.76,
          'Pwo': 2.19,
          'Pwp': 2.81,
          'Two': 60.92,
          'Twp': 69.31,
          'adr': 'Фрунзе, 2'},
 '0049': {'Pgw': 0.04738262176513672,
          'Pwo': 0.018618500232696532,
          'Pwp': 0.02526634931564331,
          'Two': 65.35942840576172,
          'Twp': 73.32386016845703,
          'adr': 'Октябрьская, 159'},
 '0050': {'Pgw': 4.74,
          'Pwo': 2.32,
          'Pwp': 3.35,
          'Two': 48.87,
          'Twp': 56.34,
          'adr': 'Октябрьская, 66'},
 '0056': {'Pgw': 3.62,
          'Pwo': 1.59,
          'Pwp': 2.32,
          'Two': 58.9,
          'Twp': 65.46,
          'adr': 'Дзержинского, 161'},
 '0060': {'Pgw': 0.0,
          'Pwo': 1.55,
          'Pwp': 2.25,
          'Two': 52.72,
          'Twp': 67.59,
          'adr': 'Чапаева, 4'},
 '0063': {'Pgw': 3.22,
          'Pwo': 2.15,
          'Pwp': 3.05,
          'Two': 60.89,
          'Twp': 68.07,
          'adr': 'Балахонова, 13'},
 '0064': {'Pgw': 1.96,
          'Pwo': 1.21,
          'Pwp': 1.62,
          'Two': 62.67,
          'Twp': 70.48,
          'adr': 'Голенева, 46'},
 '0065': {'Pgw': 0.82,
          'Pwo': 0.81,
          'Pwp': 1.82,
          'Two': 56.89,
          'Twp': 71.24,
          'adr': 'Краснофлотская 187'},
 '0067': {'Pgw': 2.86,
          'Pwo': 2.65,
          'Pwp': 3.5,
          'Two': 61.16,
          'Twp': 72.44,
          'adr': 'Пономарева 5'},
 '0068': {'Pgw': 3.64,
          'Pwo': 1.97,
          'Pwp': 2.98,
          'Two': 55.8,
          'Twp': 67.16,
          'adr': 'Шпаковская 85'},
 '0072': {'Pgw': 0.02,
          'Pwo': 1.26,
          'Pwp': 1.82,
          'Two': 53.37,
          'Twp': 62.14,
          'adr': 'К. Маркса, 65'},
 '0073': {'Pgw': 1.59,
          'Pwo': 0.91,
          'Pwp': 1.87,
          'Two': 50.69,
          'Twp': 61.84,
          'adr': 'К. Маркса, 77'},
 '0074': {'Pgw': 3.54,
          'Pwo': 2.24,
          'Pwp': 3.8,
          'Two': 54.91,
          'Twp': 62.39,
          'adr': 'Фрунзе, 8'},
 '0075': {'Pgw': 3.82,
          'Pwo': 1.64,
          'Pwp': 2.34,
          'Two': 53.56,
          'Twp': 60.22,
          'adr': 'Голенева, 6а'},
 '0076': {'Pgw': 3.51,
          'Pwo': 2.46,
          'Pwp': 3.36,
          'Two': 52.29,
          'Twp': 57.24,
          'adr': 'Серова, 451'},
 '0079': {'Pgw': 4.05,
          'Pwo': 1.72,
          'Pwp': 2.6,
          'Two': 55.63,
          'Twp': 65.4,
          'adr': 'Гоголя, 36'},
 '0081': {'Pgw': 3.83,
          'Pwo': 2.07,
          'Pwp': 2.91,
          'Two': 58.13,
          'Twp': 67.33,
          'adr': 'Воронежская, 14'},
 '0090': {'Pgw': 0.03,
          'Pwo': 0.01,
          'Pwp': 0.02,
          'Two': 23.03,
          'Twp': 26.46,
          'adr': 'Селекционная станция 3'},
 '0099': {'Pgw': 0.00789817988872528,
          'Pwo': 1.3037008666992187,
          'Pwp': 2.436615753173828,
          'Two': 57.84394073486328,
          'Twp': 65.3,
          'adr': 'Завокзальная, 33а к.А'},
 '0100': {'Pgw': 0.0,
          'Pwo': 0.0,
          'Pwp': 0.02139448881149292,
          'Two': 54.54929733276367,
          'Twp': 72.1,
          'adr': 'Завокзальная, 33а к.Б'},
 '0102': {'Pgw': 4.74,
          'Pwo': 2.85,
          'Pwp': 4.72,
          'Two': 52.68,
          'Twp': 69.44,
          'adr': 'Партизанская, 1г'},
 '0103': {'Pgw': 0.0,
          'Pwo': 1.25,
          'Pwp': 1.45,
          'Two': 0.0,
          'Twp': 71.87,
          'adr': 'Старомарьевское, 7'},
 '0107': {'Pgw': 3.78,
          'Pwo': 2.15,
          'Pwp': 2.57,
          'Two': 51.21,
          'Twp': 56.82,
          'adr': 'Абрамовой, 2'},
 '0111': {'Pgw': 3.67,
          'Pwo': 2.63,
          'Pwp': 3.5,
          'Two': 58.25,
          'Twp': 67.88,
          'adr': '4-я Промышленная, 3'},
 '0116': {'Pgw': 0.0,
          'Pwo': 0.0,
          'Pwp': 0.026350769996643066,
          'Two': 0.0,
          'Twp': 68.66810607910156,
          'adr': '2й Юго-Западный, 9'},
 '0211': {'Pgw': 3.08,
          'Pwo': 3.49,
          'Pwp': 4.2,
          'Two': 63.27,
          'Twp': 72.34,
          'adr': 'Доваторцев, 86/3'},
 '2017': {'Pgw': 9.43,
          'Pwo': 2.81,
          'Pwp': 5.45,
          'Two': 51.77,
          'Twp': 57.21,
          'adr': 'Р.Люксембург, 65'}}
|12.02.2025 09:56:33| [INFO]: ✅ Все данные за 2025-12-02 успешно обработаны
|12.02.2025 09:56:33| [INFO]: Опрос завершен
|12.02.2025 09:57:42| [INFO]: Начала опроса
|12.02.2025 09:58:02| [INFO]: Values: {'0014': {'Pgw': 3.177193298339844,
          'Pwo': 4.488009948730468,
          'Pwp': 6.088663940429687,
          'Two': 52.57992935180664,
          'Twp': 67.38223266601562,
          'adr': '8 марта, 164Б'},
 '0021': {'Pgw': 2.92640380859375,
          'Pwo': 3.351321105957031,
          'Pwp': 4.654600830078125,
          'Two': 48.704307556152344,
          'Twp': 64.21390533447266,
          'adr': 'Пушкина, 65'},
 '0024': {'Pgw': 4.533084716796875,
          'Pwo': 1.070582046508789,
          'Pwp': 2.8810916137695313,
          'Two': 44.24053955078125,
          'Twp': 48.467620849609375,
          'adr': 'Объездная, 31'},
 '0037': {'Pgw': 0.09621621131896972,
          'Pwo': 0.07623348236083985,
          'Pwp': 0.09167927742004395,
          'Two': 11.198241233825684,
          'Twp': 12.327458381652832,
          'adr': 'Балакирева, 5'},
 '0044': {'Pgw': 0.0,
          'Pwo': 0.0,
          'Pwp': 0.0,
          'Two': 0,
          'Twp': 0,
          'adr': 'Бабушкина, 2В'},
 '0048': {'Pgw': 4.203086547851562,
          'Pwo': 2.4963722229003906,
          'Pwp': 3.1233395385742186,
          'Two': 57.81633377075195,
          'Twp': 71.47209167480469,
          'adr': 'Фрунзе, 2'},
 '0049': {'Pgw': 0.04673511028289795,
          'Pwo': 0.018622850179672242,
          'Pwp': 0.02524275064468384,
          'Two': 65.11056518554688,
          'Twp': 73.24588775634766,
          'adr': 'Октябрьская, 159'},
 '0050': {'Pgw': 4.536452331542969,
          'Pwo': 2.431454772949219,
          'Pwp': 3.699722900390625,
          'Two': 39.43840026855469,
          'Twp': 45.409515380859375,
          'adr': 'Октябрьская, 66'},
 '0055': {'Pgw': 0.02432478904724121,
          'Pwo': 0.02393950939178467,
          'Pwp': 0.03607397079467774,
          'Two': 0,
          'Twp': 67.88153839111328,
          'adr': 'Репина, 146'},
 '0056': {'Pgw': 2.981092529296875,
          'Pwo': 2.1657646179199217,
          'Pwp': 2.970264892578125,
          'Two': 52.60380554199219,
          'Twp': 57.27703857421875,
          'adr': 'Дзержинского, 161'},
 '0060': {'Pgw': 0.0,
          'Pwo': 0.0035253798961639403,
          'Pwp': 0.00476061999797821,
          'Two': 54.97169494628906,
          'Twp': 71.08699035644531,
          'adr': 'Чапаева, 4'},
 '0063': {'Pgw': 3.614826354980469,
          'Pwo': 2.304603729248047,
          'Pwp': 3.015627746582031,
          'Two': 58.70351791381836,
          'Twp': 64.95433044433594,
          'adr': 'Балахонова, 13'},
 '0064': {'Pgw': 0.03085921049118042,
          'Pwo': 0.02291944980621338,
          'Pwp': 0.03224133968353272,
          'Two': 52.107444763183594,
          'Twp': 63.09656524658203,
          'adr': 'Голенева, 46'},
 '0065': {'Pgw': 0.03730158090591431,
          'Pwo': 0.016989599466323852,
          'Pwp': 0.0312916088104248,
          'Two': 50.86941146850586,
          'Twp': 59.24930191040039,
          'adr': 'Краснофлотская 187'},
 '0067': {'Pgw': 2.7619290161132812,
          'Pwo': 2.3033651733398437,
          'Pwp': 3.4641537475585937,
          'Two': 55.523582458496094,
          'Twp': 67.09418487548828,
          'adr': 'Пономарева 5'},
 '0068': {'Pgw': 3.4686737060546875,
          'Pwo': 1.7404173278808595,
          'Pwp': 2.649669189453125,
          'Two': 50.74522018432617,
          'Twp': 63.58597183227539,
          'adr': 'Шпаковская 85'},
 '0072': {'Pgw': 0.03713624000549316,
          'Pwo': 0.026640889644622804,
          'Pwp': 0.037427430152893064,
          'Two': 41.53630828857422,
          'Twp': 47.54447555541992,
          'adr': 'К. Маркса, 65'},
 '0073': {'Pgw': -0.02,
          'Pwo': 0.02382791042327881,
          'Pwp': 0.03714411020278931,
          'Two': 41.570587158203125,
          'Twp': 47.836299896240234,
          'adr': 'К. Маркса, 77'},
 '0074': {'Pgw': 3.8227081298828125,
          'Pwo': 2.8093606567382814,
          'Pwp': 3.9031884765625,
          'Two': 41.56471252441406,
          'Twp': 49.847747802734375,
          'adr': 'Фрунзе, 8'},
 '0075': {'Pgw': 4.13101806640625,
          'Pwo': 1.8824546813964844,
          'Pwp': 2.388155975341797,
          'Two': 45.928775787353516,
          'Twp': 48.45183563232422,
          'adr': 'Голенева, 6а'},
 '0076': {'Pgw': 3.3401412963867188,
          'Pwo': 2.9225564575195313,
          'Pwp': 3.6171673583984374,
          'Two': 44.192596435546875,
          'Twp': 52.68821716308594,
          'adr': 'Серова, 451'},
 '0079': {'Pgw': 1.9806605529785157,
          'Pwo': 1.7314750671386718,
          'Pwp': 2.6774533081054686,
          'Two': 47.206153869628906,
          'Twp': 51.462913513183594,
          'adr': 'Гоголя, 36'},
 '0081': {'Pgw': 3.2537655639648437,
          'Pwo': 1.7704278564453124,
          'Pwp': 2.8273321533203126,
          'Two': 52.859222412109375,
          'Twp': 66.06645202636719,
          'adr': 'Воронежская, 14'},
 '0090': {'Pgw': 0.06827853202819824,
          'Pwo': 0.0212625789642334,
          'Pwp': 0.03326284885406494,
          'Two': 46.04988098144531,
          'Twp': 52.92734909057617,
          'adr': 'Селекционная станция 3'},
 '0099': {'Pgw': 0.013183519840240479,
          'Pwo': 1.3042068481445312,
          'Pwp': 2.4571109008789063,
          'Two': 57.533973693847656,
          'Twp': 66.08450317382812,
          'adr': 'Завокзальная, 33а к.А'},
 '0100': {'Pgw': 0.0,
          'Pwo': 0.0,
          'Pwp': 0.021411569118499757,
          'Two': 54.759552001953125,
          'Twp': 0,
          'adr': 'Завокзальная, 33а к.Б'},
 '0102': {'Pgw': 4.514352416992187,
          'Pwo': 2.8779452514648436,
          'Pwp': 5.031020202636719,
          'Two': 51.519081115722656,
          'Twp': 65.25773620605469,
          'adr': 'Партизанская, 1г'},
 '0103': {'Pgw': 0.0,
          'Pwo': 0.002141620069742203,
          'Pwp': 0.002490759938955307,
          'Two': 0,
          'Twp': 63.97413635253906,
          'adr': 'Старомарьевское, 7'},
 '0107': {'Pgw': 4.38430419921875,
          'Pwo': 2.116330108642578,
          'Pwp': 2.549041290283203,
          'Two': 43.77964782714844,
          'Twp': 49.27641296386719,
          'adr': 'Абрамовой, 2'},
 '0110': {'Pgw': 0.0,
          'Pwo': 0.0,
          'Pwp': 0.0,
          'Two': 0,
          'Twp': 0,
          'adr': 'Старомарьевское, 3'},
 '0111': {'Pgw': 3.76375,
          'Pwo': 2.8796826171875,
          'Pwp': 4.105281982421875,
          'Two': 62.038787841796875,
          'Twp': 69.79460144042969,
          'adr': '4-я Промышленная, 3'},
 '0116': {'Pgw': 0.0,
          'Pwo': 0.0,
          'Pwp': 0.026309669017791748,
          'Two': 0,
          'Twp': 69.71312713623047,
          'adr': '2й Юго-Западный, 9'},
 '0211': {'Pgw': 2.7786737060546876,
          'Pwo': 3.0914031982421877,
          'Pwp': 3.8045993041992188,
          'Two': 60.94309997558594,
          'Twp': 70.886962890625,
          'adr': 'Доваторцев, 86/3'},
 '2017': {'Pgw': 9.092514038085938,
          'Pwo': 2.9101138305664063,
          'Pwp': 5.608873901367187,
          'Two': 50.1756591796875,
          'Twp': 51.82957458496094,
          'adr': 'Р.Люксембург, 65'}}
|12.02.2025 09:58:02| [ERROR]: Ошибка при выполнении 'idkot'🔥


|12.02.2025 10:00:52| [INFO]: Начала опроса
|12.02.2025 10:01:12| [INFO]: Values: {'0014': {'Pgw': 3.1531719970703125,
          'Pwo': 4.481364135742187,
          'Pwp': 6.092538452148437,
          'Two': 52.733028411865234,
          'Twp': 67.47325134277344,
          'adr': '8 марта, 164Б'},
 '0021': {'Pgw': 2.87749755859375,
          'Pwo': 3.22691162109375,
          'Pwp': 4.484976196289063,
          'Two': 48.40351104736328,
          'Twp': 64.17887115478516,
          'adr': 'Пушкина, 65'},
 '0024': {'Pgw': 4.5090640258789065,
          'Pwo': 1.07820068359375,
          'Pwp': 2.8425982666015623,
          'Two': 43.930397033691406,
          'Twp': 46.546661376953125,
          'adr': 'Объездная, 31'},
 '0037': {'Pgw': 0.09621270179748535,
          'Pwo': 0.07645164966583252,
          'Pwp': 0.09173283576965333,
          'Two': 11.202795028686523,
          'Twp': 12.325892448425293,
          'adr': 'Балакирева, 5'},
 '0044': {'Pgw': 0.0,
          'Pwo': 0.0,
          'Pwp': 0.0,
          'Two': 0,
          'Twp': 0,
          'adr': 'Бабушкина, 2В'},
 '0048': {'Pgw': 4.165621337890625,
          'Pwo': 2.4071539306640624,
          'Pwp': 3.1073834228515627,
          'Two': 58.21308898925781,
          'Twp': 62.23470687866211,
          'adr': 'Фрунзе, 2'},
 '0049': {'Pgw': 0.046747260093688965,
          'Pwo': 0.018724189996719362,
          'Pwp': 0.025250260829925538,
          'Two': 65.02249145507812,
          'Twp': 72.72943878173828,
          'adr': 'Октябрьская, 159'},
 '0050': {'Pgw': 4.522104187011719,
          'Pwo': 2.4412495422363283,
          'Pwp': 3.7008676147460937,
          'Two': 39.26414489746094,
          'Twp': 45.54078674316406,
          'adr': 'Октябрьская, 66'},
 '0055': {'Pgw': 0.024571900367736817,
          'Pwo': 0.023924651145935057,
          'Pwp': 0.03603657007217407,
          'Two': 0,
          'Twp': 68.1518783569336,
          'adr': 'Репина, 146'},
 '0056': {'Pgw': 2.941228942871094,
          'Pwo': 2.2058551025390627,
          'Pwp': 3.0582220458984377,
          'Two': 52.42388153076172,
          'Twp': 57.173095703125,
          'adr': 'Дзержинского, 161'},
 '0060': {'Pgw': 0.0,
          'Pwo': 0.0035131800174713133,
          'Pwp': 0.004693450033664703,
          'Two': 54.97206115722656,
          'Twp': 70.94584655761719,
          'adr': 'Чапаева, 4'},
 '0063': {'Pgw': 3.693707275390625,
          'Pwo': 2.3105923461914064,
          'Pwp': 3.0189935302734376,
          'Two': 58.55823516845703,
          'Twp': 65.3851547241211,
          'adr': 'Балахонова, 13'},
 '0064': {'Pgw': 0.014234629869461059,
          'Pwo': 0.023010549545288087,
          'Pwp': 0.032428300380706786,
          'Two': 52.16389846801758,
          'Twp': 62.9981689453125,
          'adr': 'Голенева, 46'},
 '0065': {'Pgw': 0.03678401947021484,
          'Pwo': 0.0169834303855896,
          'Pwp': 0.03133553981781006,
          'Two': 51.0910758972168,
          'Twp': 57.38867950439453,
          'adr': 'Краснофлотская 187'},
 '0067': {'Pgw': 2.823138427734375,
          'Pwo': 2.323710632324219,
          'Pwp': 3.5046722412109377,
          'Two': 55.616554260253906,
          'Twp': 67.65413665771484,
          'adr': 'Пономарева 5'},
 '0068': {'Pgw': 3.3961614990234374,
          'Pwo': 1.7430104064941405,
          'Pwp': 2.6551214599609376,
          'Two': 50.82185363769531,
          'Twp': 63.25954818725586,
          'adr': 'Шпаковская 85'},
 '0072': {'Pgw': 0.036780900955200195,
          'Pwo': 0.02664062976837158,
          'Pwp': 0.037364070415496824,
          'Two': 41.53688049316406,
          'Twp': 46.88908004760742,
          'adr': 'К. Маркса, 65'},
 '0073': {'Pgw': -0.02,
          'Pwo': 0.02388920068740845,
          'Pwp': 0.03721919059753418,
          'Two': 41.586647033691406,
          'Twp': 47.70747375488281,
          'adr': 'К. Маркса, 77'},
 '0074': {'Pgw': 3.7899874877929687,
          'Pwo': 2.7801971435546875,
          'Pwp': 3.9154434204101562,
          'Two': 41.549381256103516,
          'Twp': 50.06410217285156,
          'adr': 'Фрунзе, 8'},
 '0075': {'Pgw': 4.103973388671875,
          'Pwo': 1.8852632141113281,
          'Pwp': 2.394960479736328,
          'Two': 46.37892532348633,
          'Twp': 51.90398025512695,
          'adr': 'Голенева, 6а'},
 '0076': {'Pgw': 3.4062368774414065,
          'Pwo': 2.8512142944335936,
          'Pwp': 3.553192138671875,
          'Two': 44.296783447265625,
          'Twp': 46.29927062988281,
          'adr': 'Серова, 451'},
 '0079': {'Pgw': 1.990338592529297,
          'Pwo': 1.7717648315429688,
          'Pwp': 2.7216845703125,
          'Two': 46.985984802246094,
          'Twp': 51.65009307861328,
          'adr': 'Гоголя, 36'},
 '0081': {'Pgw': 3.2227243041992186,
          'Pwo': 1.8438298034667968,
          'Pwp': 2.896141357421875,
          'Two': 52.210838317871094,
          'Twp': 60.387351989746094,
          'adr': 'Воронежская, 14'},
 '0090': {'Pgw': 0.06847459793090821,
          'Pwo': 0.021309010982513428,
          'Pwp': 0.03326112985610962,
          'Two': 46.07572555541992,
          'Twp': 52.91362762451172,
          'adr': 'Селекционная станция 3'},
 '0099': {'Pgw': 0.002612839937210083,
          'Pwo': 1.3037008666992187,
          'Pwp': 2.4755572509765624,
          'Two': 56.839622497558594,
          'Twp': 64.12167358398438,
          'adr': 'Завокзальная, 33а к.А'},
 '0100': {'Pgw': 0.0,
          'Pwo': 0.0,
          'Pwp': 0.021316580772399903,
          'Two': 55.00326919555664,
          'Twp': 0,
          'adr': 'Завокзальная, 33а к.Б'},
 '0102': {'Pgw': 4.609933471679687,
          'Pwo': 2.8313165283203126,
          'Pwp': 5.070932922363281,
          'Two': 47.0604133605957,
          'Twp': 64.9151611328125,
          'adr': 'Партизанская, 1г'},
 '0103': {'Pgw': 0.0,
          'Pwo': 0.002078610062599182,
          'Pwp': 0.002477319985628128,
          'Two': 0,
          'Twp': 62.86479187011719,
          'adr': 'Старомарьевское, 7'},
 '0107': {'Pgw': 4.3402001953125,
          'Pwo': 2.1597195434570313,
          'Pwp': 2.55816650390625,
          'Two': 43.744956970214844,
          'Twp': 50.15464782714844,
          'adr': 'Абрамовой, 2'},
 '0110': {'Pgw': 0.0,
          'Pwo': 0.0,
          'Pwp': 0.0,
          'Two': 0,
          'Twp': 0,
          'adr': 'Старомарьевское, 3'},
 '0111': {'Pgw': 3.8848858642578126,
          'Pwo': 2.8555941772460938,
          'Pwp': 4.067940673828125,
          'Two': 62.23370361328125,
          'Twp': 70.21623992919922,
          'adr': '4-я Промышленная, 3'},
 '0116': {'Pgw': 0.0,
          'Pwo': 0.0,
          'Pwp': 0.026280760765075684,
          'Two': 0,
          'Twp': 64.77873229980469,
          'adr': '2й Юго-Западный, 9'},
 '0211': {'Pgw': 2.7248965454101564,
          'Pwo': 3.017475891113281,
          'Pwp': 3.707444152832031,
          'Two': 59.48100280761719,
          'Twp': 68.10527801513672,
          'adr': 'Доваторцев, 86/3'},
 '2017': {'Pgw': 9.127935791015625,
          'Pwo': 2.9182135009765626,
          'Pwp': 5.615392456054687,
          'Two': 50.07090759277344,
          'Twp': 51.78313446044922,
          'adr': 'Р.Люксембург, 65'}}
|12.02.2025 10:01:14| [ERROR]: ⛔️ Нет связи с OPC для Старомарьевское, 3 (idkot=0110) — Будет пропущена
|12.02.2025 10:01:14| [INFO]: Данные которые идут в базу 
|12.02.2025 10:01:14| [INFO]: Values: {'0014': {'Pgw': 1.58,
          'Pwo': 2.24,
          'Pwp': 3.05,
          'Two': 26.37,
          'Twp': 33.74,
          'adr': '8 марта, 164Б'},
 '0021': {'Pgw': 2.99,
          'Pwo': 3.11,
          'Pwp': 3.79,
          'Two': 49.4,
          'Twp': 66.69,
          'adr': 'Пушкина, 65'},
 '0024': {'Pgw': 4.6,
          'Pwo': 1.39,
          'Pwp': 2.67,
          'Two': 50.72,
          'Twp': 56.82,
          'adr': 'Объездная, 31'},
 '0037': {'Pgw': 1.9,
          'Pwo': 1.24,
          'Pwp': 1.9,
          'Two': 30.8,
          'Twp': 34.21,
          'adr': 'Балакирева, 5'},
 '0048': {'Pgw': 3.78,
          'Pwo': 2.1,
          'Pwp': 2.8,
          'Two': 60.96,
          'Twp': 65.22,
          'adr': 'Фрунзе, 2'},
 '0049': {'Pgw': 0.046747260093688965,
          'Pwo': 0.018724189996719362,
          'Pwp': 0.025250260829925538,
          'Two': 65.02249145507812,
          'Twp': 72.72943878173828,
          'adr': 'Октябрьская, 159'},
 '0050': {'Pgw': 4.76,
          'Pwo': 2.32,
          'Pwp': 3.35,
          'Two': 48.88,
          'Twp': 56.37,
          'adr': 'Октябрьская, 66'},
 '0056': {'Pgw': 3.62,
          'Pwo': 1.6,
          'Pwp': 2.33,
          'Two': 58.86,
          'Twp': 65.44,
          'adr': 'Дзержинского, 161'},
 '0060': {'Pgw': 0.0,
          'Pwo': 1.55,
          'Pwp': 2.25,
          'Two': 52.74,
          'Twp': 67.52,
          'adr': 'Чапаева, 4'},
 '0063': {'Pgw': 3.2,
          'Pwo': 2.16,
          'Pwp': 3.06,
          'Two': 60.68,
          'Twp': 68.54,
          'adr': 'Балахонова, 13'},
 '0064': {'Pgw': 1.96,
          'Pwo': 1.21,
          'Pwp': 1.62,
          'Two': 62.68,
          'Twp': 70.45,
          'adr': 'Голенева, 46'},
 '0065': {'Pgw': 0.82,
          'Pwo': 0.81,
          'Pwp': 1.82,
          'Two': 57.0,
          'Twp': 68.14,
          'adr': 'Краснофлотская 187'},
 '0067': {'Pgw': 2.91,
          'Pwo': 2.66,
          'Pwp': 3.5,
          'Two': 61.16,
          'Twp': 72.43,
          'adr': 'Пономарева 5'},
 '0068': {'Pgw': 3.6,
          'Pwo': 1.97,
          'Pwp': 2.98,
          'Two': 55.81,
          'Twp': 66.58,
          'adr': 'Шпаковская 85'},
 '0072': {'Pgw': 0.02,
          'Pwo': 1.26,
          'Pwp': 1.82,
          'Two': 53.37,
          'Twp': 62.69,
          'adr': 'К. Маркса, 65'},
 '0073': {'Pgw': 1.59,
          'Pwo': 0.91,
          'Pwp': 1.87,
          'Two': 50.69,
          'Twp': 61.85,
          'adr': 'К. Маркса, 77'},
 '0074': {'Pgw': 3.54,
          'Pwo': 2.24,
          'Pwp': 3.76,
          'Two': 54.97,
          'Twp': 62.78,
          'adr': 'Фрунзе, 8'},
 '0075': {'Pgw': 3.8,
          'Pwo': 1.64,
          'Pwp': 2.35,
          'Two': 53.69,
          'Twp': 61.45,
          'adr': 'Голенева, 6а'},
 '0076': {'Pgw': 3.55,
          'Pwo': 2.48,
          'Pwp': 3.38,
          'Two': 52.2,
          'Twp': 57.2,
          'adr': 'Серова, 451'},
 '0079': {'Pgw': 4.0,
          'Pwo': 1.74,
          'Pwp': 2.61,
          'Two': 55.64,
          'Twp': 65.43,
          'adr': 'Гоголя, 36'},
 '0081': {'Pgw': 3.81,
          'Pwo': 2.07,
          'Pwp': 2.9,
          'Two': 57.86,
          'Twp': 66.99,
          'adr': 'Воронежская, 14'},
 '0090': {'Pgw': 0.03,
          'Pwo': 0.01,
          'Pwp': 0.02,
          'Two': 23.04,
          'Twp': 26.46,
          'adr': 'Селекционная станция 3'},
 '0099': {'Pgw': 0.002612839937210083,
          'Pwo': 1.3037008666992187,
          'Pwp': 2.4755572509765624,
          'Two': 56.839622497558594,
          'Twp': 64.21,
          'adr': 'Завокзальная, 33а к.А'},
 '0100': {'Pgw': 0.0,
          'Pwo': 0.0,
          'Pwp': 0.021316580772399903,
          'Two': 55.00326919555664,
          'Twp': 72.1,
          'adr': 'Завокзальная, 33а к.Б'},
 '0102': {'Pgw': 4.75,
          'Pwo': 2.87,
          'Pwp': 4.74,
          'Two': 52.63,
          'Twp': 70.21,
          'adr': 'Партизанская, 1г'},
 '0103': {'Pgw': 0.0,
          'Pwo': 1.25,
          'Pwp': 1.45,
          'Two': 0.0,
          'Twp': 70.43,
          'adr': 'Старомарьевское, 7'},
 '0107': {'Pgw': 3.77,
          'Pwo': 2.18,
          'Pwp': 2.58,
          'Two': 51.27,
          'Twp': 57.43,
          'adr': 'Абрамовой, 2'},
 '0111': {'Pgw': 3.74,
          'Pwo': 2.68,
          'Pwp': 3.48,
          'Two': 58.97,
          'Twp': 68.51,
          'adr': '4-я Промышленная, 3'},
 '0116': {'Pgw': 0.0,
          'Pwo': 0.0,
          'Pwp': 0.026280760765075684,
          'Two': 0.0,
          'Twp': 64.77873229980469,
          'adr': '2й Юго-Западный, 9'},
 '0211': {'Pgw': 3.06,
          'Pwo': 3.46,
          'Pwp': 4.15,
          'Two': 62.74,
          'Twp': 71.35,
          'adr': 'Доваторцев, 86/3'},
 '2017': {'Pgw': 9.41,
          'Pwo': 2.81,
          'Pwp': 5.46,
          'Two': 51.69,
          'Twp': 57.19,
          'adr': 'Р.Люксембург, 65'}}
|12.02.2025 10:01:23| [INFO]: ✅ Все данные за 2025-12-02 успешно обработаны
|12.02.2025 10:01:23| [INFO]: Опрос завершен
|12.02.2025 10:02:52| [INFO]: Начала опроса
|12.02.2025 10:03:02| [ERROR]: Ошибка ноды The operation failed.(Bad) ns=1;s=GPRS 2072.Абрамовой 2.Параметры.Вход5
|12.02.2025 10:03:02| [ERROR]: Ошибка ноды The operation failed.(Bad) ns=1;s=GPRS 2072.Абрамовой 2.Параметры.Вход1
|12.02.2025 10:03:02| [ERROR]: Ошибка ноды The operation failed.(Bad) ns=1;s=GPRS 2072.Абрамовой 2.Параметры.Вход2
|12.02.2025 10:03:02| [ERROR]: Ошибка ноды The operation failed.(Bad) ns=1;s=GPRS 2072.Абрамовой 2.Параметры.Вход3
|12.02.2025 10:03:02| [ERROR]: Ошибка ноды The operation failed.(Bad) ns=1;s=GPRS 2072.Абрамовой 2.Параметры.Вход4
|12.02.2025 10:03:03| [ERROR]: Ошибка ноды The operation failed.(Bad) ns=1;s=GPRS 2069.Фрунзе 2.Параметры.Вход5
|12.02.2025 10:03:03| [ERROR]: Ошибка ноды The operation failed.(Bad) ns=1;s=GPRS 2069.Фрунзе 2.Параметры.Вход1
|12.02.2025 10:03:03| [ERROR]: Ошибка ноды The operation failed.(Bad) ns=1;s=GPRS 2069.Фрунзе 2.Параметры.Вход2
|12.02.2025 10:03:03| [ERROR]: Ошибка ноды The operation failed.(Bad) ns=1;s=GPRS 2069.Фрунзе 2.Параметры.Вход3
|12.02.2025 10:03:03| [ERROR]: Ошибка ноды The operation failed.(Bad) ns=1;s=GPRS 2069.Фрунзе 2.Параметры.Вход4
|12.02.2025 10:03:13| [ERROR]: ⛔️ Нет связи с OPC для Абрамовой, 2 (idkot=0107) — Будет пропущена
|12.02.2025 10:03:13| [ERROR]: ⛔️ Нет связи с OPC для Фрунзе, 2 (idkot=0048) — Будет пропущена
|12.02.2025 10:03:13| [ERROR]: ⛔️ Нет связи с OPC для Старомарьевское, 3 (idkot=0110) — Будет пропущена
|12.02.2025 10:03:13| [INFO]: Данные которые идут в базу 
|12.02.2025 10:03:21| [INFO]: ✅ Все данные за 2025-12-02 успешно обработаны
|12.02.2025 10:03:21| [INFO]: Опрос завершен
|12.02.2025 10:04:10| [INFO]: Начала опроса
|12.02.2025 10:04:11| [ERROR]: Ошибка ноды The operation failed.(Bad) ns=1;s=GPRS 2071.Пономарева 5.Параметры.Вход5
|12.02.2025 10:04:11| [ERROR]: Ошибка ноды The operation failed.(Bad) ns=1;s=GPRS 2071.Пономарева 5.Параметры.Вход1
|12.02.2025 10:04:11| [ERROR]: Ошибка ноды The operation failed.(Bad) ns=1;s=GPRS 2071.Пономарева 5.Параметры.Вход2
|12.02.2025 10:04:11| [ERROR]: Ошибка ноды The operation failed.(Bad) ns=1;s=GPRS 2071.Пономарева 5.Параметры.Вход3
|12.02.2025 10:04:11| [ERROR]: Ошибка ноды The operation failed.(Bad) ns=1;s=GPRS 2071.Пономарева 5.Параметры.Вход4
|12.02.2025 10:04:30| [ERROR]: ⛔️ Нет связи с OPC для Пономарева 5 (idkot=0067) — Будет пропущена
|12.02.2025 10:04:30| [ERROR]: ⛔️ Нет связи с OPC для Старомарьевское, 3 (idkot=0110) — Будет пропущена
|12.02.2025 10:04:30| [INFO]: Данные которые идут в базу 
|12.02.2025 10:04:39| [INFO]: ✅ Все данные за 2025-12-02 успешно обработаны
|12.02.2025 10:04:39| [INFO]: Опрос завершен
|12.02.2025 10:05:50| [INFO]: Начала опроса
|12.02.2025 10:06:04| [ERROR]: Ошибка ноды The operation failed.(Bad) ns=1;s=GPRS 2062.Объездная 31.Параметры.Вход5
|12.02.2025 10:06:04| [ERROR]: Ошибка ноды The operation failed.(Bad) ns=1;s=GPRS 2062.Объездная 31.Параметры.Вход1
|12.02.2025 10:06:04| [ERROR]: Ошибка ноды The operation failed.(Bad) ns=1;s=GPRS 2062.Объездная 31.Параметры.Вход2
|12.02.2025 10:06:04| [ERROR]: Ошибка ноды The operation failed.(Bad) ns=1;s=GPRS 2062.Объездная 31.Параметры.Вход3
|12.02.2025 10:06:04| [ERROR]: Ошибка ноды The operation failed.(Bad) ns=1;s=GPRS 2062.Объездная 31.Параметры.Вход4
|12.02.2025 10:06:10| [ERROR]: ⛔️ Нет связи с OPC для Объездная, 31 (idkot=0024) — Будет пропущена
|12.02.2025 10:06:10| [ERROR]: ⛔️ Нет связи с OPC для Старомарьевское, 3 (idkot=0110) — Будет пропущена
|12.02.2025 10:06:10| [INFO]: Данные которые идут в базу 
|12.02.2025 10:06:19| [INFO]: ✅ Все данные за 2025-12-02 успешно обработаны
|12.02.2025 10:06:19| [INFO]: Опрос завершен
|12.02.2025 11:25:55| [INFO]: Начала опроса
|12.02.2025 11:26:15| [ERROR]: ⛔️ Нет связи с OPC для Старомарьевское, 3 (idkot=0110) — Будет пропущена
|12.02.2025 11:26:15| [INFO]: Данные которые идут в базу 
|12.02.2025 11:26:25| [INFO]: ✅ Все данные за 2025-12-02 успешно обработаны
|12.02.2025 11:26:25| [INFO]: Опрос завершен
|12.02.2025 11:27:05| [INFO]: Начала опроса
|12.02.2025 11:27:15| [ERROR]: Ошибка ноды The operation failed.(Bad) ns=1;s=GPRS 2069.Фрунзе 2.Параметры.Вход5
|12.02.2025 11:27:15| [ERROR]: Ошибка ноды The operation failed.(Bad) ns=1;s=GPRS 2069.Фрунзе 2.Параметры.Вход1
|12.02.2025 11:27:15| [ERROR]: Ошибка ноды The operation failed.(Bad) ns=1;s=GPRS 2069.Фрунзе 2.Параметры.Вход2
|12.02.2025 11:27:15| [ERROR]: Ошибка ноды The operation failed.(Bad) ns=1;s=GPRS 2069.Фрунзе 2.Параметры.Вход3
|12.02.2025 11:27:15| [ERROR]: Ошибка ноды The operation failed.(Bad) ns=1;s=GPRS 2069.Фрунзе 2.Параметры.Вход4
|12.02.2025 11:27:24| [ERROR]: Ошибка ноды The operation failed.(Bad) ns=1;s=GPRS 2095.SMH4.Group1.ain6[MC]value
|12.02.2025 11:27:24| [ERROR]: Ошибка ноды The operation failed.(Bad) ns=1;s=GPRS 2095.SMH4.Group1.ain0[MC]value
|12.02.2025 11:27:24| [ERROR]: Ошибка ноды The operation failed.(Bad) ns=1;s=GPRS 2095.SMH4.Group1.ain1[MC]value
|12.02.2025 11:27:24| [ERROR]: Ошибка ноды The operation failed.(Bad) ns=1;s=GPRS 2095.SMH4.Group1.ain2[MC]value
|12.02.2025 11:27:24| [ERROR]: Ошибка ноды The operation failed.(Bad) ns=1;s=GPRS 2095.SMH4.Group1.ain3[MC]value
|12.02.2025 11:27:25| [ERROR]: ⛔️ Нет связи с OPC для Фрунзе, 2 (idkot=0048) — Будет пропущена
|12.02.2025 11:27:25| [ERROR]: ⛔️ Нет связи с OPC для Старомарьевское, 3 (idkot=0110) — Будет пропущена
|12.02.2025 11:27:25| [ERROR]: ⛔️ Нет связи с OPC для Селекционная станция 3 (idkot=0090) — Будет пропущена
|12.02.2025 11:27:25| [INFO]: Данные которые идут в базу 
|12.02.2025 11:27:33| [INFO]: ✅ Все данные за 2025-12-02 успешно обработаны
|12.02.2025 11:27:33| [INFO]: Опрос завершен
|12.02.2025 11:30:30| [INFO]: Начала опроса
|12.02.2025 11:30:41| [ERROR]: Ошибка ноды The operation failed.(Bad) ns=1;s=GPRS 2082.Пушкина 65.Параметры.Вход5
|12.02.2025 11:30:41| [ERROR]: Ошибка ноды The operation failed.(Bad) ns=1;s=GPRS 2082.Пушкина 65.Параметры.Вход1
|12.02.2025 11:30:41| [ERROR]: Ошибка ноды The operation failed.(Bad) ns=1;s=GPRS 2082.Пушкина 65.Параметры.Вход2
|12.02.2025 11:30:41| [ERROR]: Ошибка ноды The operation failed.(Bad) ns=1;s=GPRS 2082.Пушкина 65.Параметры.Вход3
|12.02.2025 11:30:41| [ERROR]: Ошибка ноды The operation failed.(Bad) ns=1;s=GPRS 2082.Пушкина 65.Параметры.Вход4
|12.02.2025 11:30:50| [ERROR]: ⛔️ Нет связи с OPC для Пушкина, 65 (idkot=0021) — Будет пропущена
|12.02.2025 11:30:50| [ERROR]: ⛔️ Нет связи с OPC для Старомарьевское, 3 (idkot=0110) — Будет пропущена
|12.02.2025 11:30:50| [INFO]: Данные которые идут в базу 
|12.02.2025 11:30:58| [INFO]: ✅ Все данные за 2025-12-02 успешно обработаны
|12.02.2025 11:32:55| [INFO]: Начала опроса
|12.02.2025 11:33:15| [ERROR]: ⛔️ Нет связи с OPC для Старомарьевское, 3 (idkot=0110) — Будет пропущена
|12.02.2025 11:33:15| [INFO]: Данные которые идут в базу 
|12.02.2025 11:33:24| [INFO]: ✅ Все данные за 2025-12-02 успешно обработаны
|12.02.2025 11:33:24| [INFO]: Опрос завершен
|12.02.2025 11:34:06| [INFO]: Начала опроса
|12.02.2025 11:34:26| [ERROR]: ⛔️ Нет связи с OPC для Старомарьевское, 3 (idkot=0110) — Будет пропущена
|12.02.2025 11:34:26| [INFO]: Данные которые идут в базу 
|12.02.2025 11:34:35| [INFO]: ✅ Все данные за 2025-12-02 успешно обработаны
|12.02.2025 11:34:35| [INFO]: Опрос завершен
|12.02.2025 11:35:40| [INFO]: Начала опроса
|12.02.2025 11:36:00| [ERROR]: ⛔️ Нет связи с OPC для Старомарьевское, 3 (idkot=0110) — Будет пропущена
|12.02.2025 11:36:00| [INFO]: Данные которые идут в базу 
|12.02.2025 11:36:09| [INFO]: ✅ Все данные за 2025-12-02 успешно обработаны
|12.02.2025 11:36:09| [INFO]: Опрос завершен
|12.02.2025 11:37:11| [INFO]: Начала опроса
|12.02.2025 11:37:31| [ERROR]: ⛔️ Нет связи с OPC для Старомарьевское, 3 (idkot=0110) — Будет пропущена
|12.02.2025 11:37:31| [INFO]: Данные которые идут в базу 
|12.02.2025 11:37:40| [INFO]: ✅ Все данные за 2025-12-02 успешно обработаны
|12.02.2025 11:37:40| [INFO]: Опрос завершен
|12.02.2025 11:45:38| [INFO]: Начала опроса
|12.02.2025 11:45:48| [ERROR]: Ошибка ноды The operation failed.(Bad) ns=1;s=GPRS 2069.Фрунзе 2.Параметры.Вход5
|12.02.2025 11:45:49| [ERROR]: Ошибка ноды The operation failed.(Bad) ns=1;s=GPRS 2069.Фрунзе 2.Параметры.Вход1
|12.02.2025 11:45:49| [ERROR]: Ошибка ноды The operation failed.(Bad) ns=1;s=GPRS 2069.Фрунзе 2.Параметры.Вход2
|12.02.2025 11:45:49| [ERROR]: Ошибка ноды The operation failed.(Bad) ns=1;s=GPRS 2069.Фрунзе 2.Параметры.Вход3
|12.02.2025 11:45:49| [ERROR]: Ошибка ноды The operation failed.(Bad) ns=1;s=GPRS 2069.Фрунзе 2.Параметры.Вход4
|12.02.2025 11:45:53| [ERROR]: Ошибка ноды The operation failed.(Bad) ns=1;s=GPRS 2063.Доваторцев 86_3.Параметры.Вход5
|12.02.2025 11:45:53| [ERROR]: Ошибка ноды The operation failed.(Bad) ns=1;s=GPRS 2063.Доваторцев 86_3.Параметры.Вход1
|12.02.2025 11:45:53| [ERROR]: Ошибка ноды The operation failed.(Bad) ns=1;s=GPRS 2063.Доваторцев 86_3.Параметры.Вход2
|12.02.2025 11:45:53| [ERROR]: Ошибка ноды The operation failed.(Bad) ns=1;s=GPRS 2063.Доваторцев 86_3.Параметры.Вход3
|12.02.2025 11:45:54| [ERROR]: Ошибка ноды The operation failed.(Bad) ns=1;s=GPRS 2063.Доваторцев 86_3.Параметры.Вход7
|12.02.2025 11:45:58| [ERROR]: ⛔️ Нет связи с OPC для Фрунзе, 2 (idkot=0048) — Будет пропущена
|12.02.2025 11:45:58| [ERROR]: ⛔️ Нет связи с OPC для Старомарьевское, 3 (idkot=0110) — Будет пропущена
|12.02.2025 11:45:58| [ERROR]: ⛔️ Нет связи с OPC для Доваторцев, 86/3 (idkot=0211) — Будет пропущена
|12.02.2025 11:45:58| [INFO]: Данные которые идут в базу 
|12.02.2025 11:46:07| [INFO]: ✅ Все данные за 2025-12-02 успешно обработаны
|12.02.2025 11:46:07| [INFO]: Опрос завершен
|12.02.2025 11:49:40| [INFO]: Начала опроса
|12.02.2025 11:49:58| [INFO]: Начала опроса
|12.02.2025 11:50:12| [ERROR]: Ошибка ноды The operation failed.(Bad) ns=1;s=GPRS 2063.Доваторцев 86_3.Параметры.Вход5
|12.02.2025 11:50:12| [ERROR]: Ошибка ноды The operation failed.(Bad) ns=1;s=GPRS 2063.Доваторцев 86_3.Параметры.Вход1
|12.02.2025 11:50:12| [ERROR]: Ошибка ноды The operation failed.(Bad) ns=1;s=GPRS 2063.Доваторцев 86_3.Параметры.Вход2
|12.02.2025 11:50:13| [ERROR]: Ошибка ноды The operation failed.(Bad) ns=1;s=GPRS 2063.Доваторцев 86_3.Параметры.Вход3
|12.02.2025 11:50:13| [ERROR]: Ошибка ноды The operation failed.(Bad) ns=1;s=GPRS 2063.Доваторцев 86_3.Параметры.Вход7
|12.02.2025 11:50:17| [INFO]: Values: {'0014': {'Pgw': 3.2118243408203124,
          'Pwo': 4.115376281738281,
          'Pwp': 5.707315063476562,
          'Two': 52.86404800415039,
          'Twp': 67.54255676269531,
          'adr': '8 марта, 164Б'},
 '0021': {'Pgw': 2.922837829589844,
          'Pwo': 3.250584716796875,
          'Pwp': 4.571101684570312,
          'Two': 48.43822479248047,
          'Twp': 64.26062774658203,
          'adr': 'Пушкина, 65'},
 '0024': {'Pgw': 4.560537719726563,
          'Pwo': 1.0355355834960938,
          'Pwp': 2.7747296142578124,
          'Two': 43.18376922607422,
          'Twp': 47.29176330566406,
          'adr': 'Объездная, 31'},
 '0037': {'Pgw': 0.09646054267883301,
          'Pwo': 0.07649682998657227,
          'Pwp': 0.0920781135559082,
          'Two': 11.277055740356445,
          'Twp': 12.360518455505371,
          'adr': 'Балакирева, 5'},
 '0044': {'Pgw': 0.0,
          'Pwo': 0.0,
          'Pwp': 0.0,
          'Two': 0,
          'Twp': 0,
          'adr': 'Бабушкина, 2В'},
 '0048': {'Pgw': 4.2775094604492185,
          'Pwo': 2.541623229980469,
          'Pwp': 3.0655426025390624,
          'Two': 58.600826263427734,
          'Twp': 61.752357482910156,
          'adr': 'Фрунзе, 2'},
 '0049': {'Pgw': 0.048715128898620605,
          'Pwo': 0.018224940299987794,
          'Pwp': 0.024781219959259033,
          'Two': 65.2737045288086,
          'Twp': 72.48687744140625,
          'adr': 'Октябрьская, 159'},
 '0050': {'Pgw': 4.59281982421875,
          'Pwo': 2.4407339477539063,
          'Pwp': 3.7054486083984375,
          'Two': 39.078277587890625,
          'Twp': 45.34984588623047,
          'adr': 'Октябрьская, 66'},
 '0055': {'Pgw': 0.024929709434509277,
          'Pwo': 0.023643000125885008,
          'Pwp': 0.03604280948638916,
          'Two': 0,
          'Twp': 68.20696258544922,
          'adr': 'Репина, 146'},
 '0056': {'Pgw': 3.1698443603515627,
          'Pwo': 2.1959080505371094,
          'Pwp': 2.995918884277344,
          'Two': 52.783714294433594,
          'Twp': 57.392539978027344,
          'adr': 'Дзержинского, 161'},
 '0060': {'Pgw': 0.0,
          'Pwo': 0.0033911898732185363,
          'Pwp': 0.004815570116043091,
          'Two': 54.91096496582031,
          'Twp': 68.84834289550781,
          'adr': 'Чапаева, 4'},
 '0063': {'Pgw': 3.683164367675781,
          'Pwo': 2.298642425537109,
          'Pwp': 3.009016418457031,
          'Two': 59.36338806152344,
          'Twp': 63.32300567626953,
          'adr': 'Балахонова, 13'},
 '0064': {'Pgw': 0.03210524082183838,
          'Pwo': 0.023032848834991456,
          'Pwp': 0.03232430934906006,
          'Two': 52.28448486328125,
          'Twp': 62.99109649658203,
          'adr': 'Голенева, 46'},
 '0065': {'Pgw': 0.03789108991622925,
          'Pwo': 0.017057449817657472,
          'Pwp': 0.031371829509735105,
          'Two': 51.4079475402832,
          'Twp': 65.53172302246094,
          'adr': 'Краснофлотская 187'},
 '0067': {'Pgw': 2.89532470703125,
          'Pwo': 2.3507322692871093,
          'Pwp': 3.5544754028320313,
          'Two': 55.523582458496094,
          'Twp': 67.52237701416016,
          'adr': 'Пономарева 5'},
 '0068': {'Pgw': 3.5042242431640624,
          'Pwo': 1.7426304626464844,
          'Pwp': 2.6511965942382814,
          'Two': 50.919429779052734,
          'Twp': 64.15763854980469,
          'adr': 'Шпаковская 85'},
 '0072': {'Pgw': 0.037858619689941406,
          'Pwo': 0.026595420837402343,
          'Pwp': 0.037285220623016355,
          'Two': 41.6983642578125,
          'Twp': 43.78521728515625,
          'adr': 'К. Маркса, 65'},
 '0073': {'Pgw': -0.02,
          'Pwo': 0.023840019702911375,
          'Pwp': 0.03714483976364136,
          'Two': 41.60249710083008,
          'Twp': 47.641963958740234,
          'adr': 'К. Маркса, 77'},
 '0074': {'Pgw': 3.757257385253906,
          'Pwo': 2.7429275512695312,
          'Pwp': 4.107417907714844,
          'Two': 40.87604904174805,
          'Twp': 50.12420654296875,
          'adr': 'Фрунзе, 8'},
 '0075': {'Pgw': 4.19042236328125,
          'Pwo': 1.865047607421875,
          'Pwp': 2.3723187255859375,
          'Two': 45.059452056884766,
          'Twp': 47.624244689941406,
          'adr': 'Голенева, 6а'},
 '0076': {'Pgw': 3.46419677734375,
          'Pwo': 2.9401409912109373,
          'Pwp': 3.62935302734375,
          'Two': 44.16944122314453,
          'Twp': 53.07366180419922,
          'adr': 'Серова, 451'},
 '0079': {'Pgw': 1.9745486450195313,
          'Pwo': 1.76823974609375,
          'Pwp': 2.7288018798828126,
          'Two': 46.34867858886719,
          'Twp': 51.38102722167969,
          'adr': 'Гоголя, 36'},
 '0081': {'Pgw': 3.346890869140625,
          'Pwo': 1.8161785888671875,
          'Pwp': 2.8670513916015623,
          'Two': 52.60450744628906,
          'Twp': 61.312400817871094,
          'adr': 'Воронежская, 14'},
 '0090': {'Pgw': 0.06681620121002198,
          'Pwo': 0.021516280174255373,
          'Pwp': 0.033509769439697266,
          'Two': 46.14020538330078,
          'Twp': 53.018619537353516,
          'adr': 'Селекционная станция 3'},
 '0099': {'Pgw': 0.010163569450378418,
          'Pwo': 1.3451504516601562,
          'Pwp': 2.449937438964844,
          'Two': 57.633155822753906,
          'Twp': 66.85736846923828,
          'adr': 'Завокзальная, 33а к.А'},
 '0100': {'Pgw': 0.0,
          'Pwo': 0.0,
          'Pwp': 0.021923179626464843,
          'Two': 55.421356201171875,
          'Twp': 0,
          'adr': 'Завокзальная, 33а к.Б'},
 '0102': {'Pgw': 4.5813510131835935,
          'Pwo': 3.204854736328125,
          'Pwp': 4.998314208984375,
          'Two': 46.92205047607422,
          'Twp': 64.57259368896484,
          'adr': 'Партизанская, 1г'},
 '0103': {'Pgw': 0.0,
          'Pwo': 0.0021874499320983887,
          'Pwp': 0.002516559958457947,
          'Two': 0,
          'Twp': 67.66920471191406,
          'adr': 'Старомарьевское, 7'},
 '0107': {'Pgw': 4.399006042480469,
          'Pwo': 2.1661471557617187,
          'Pwp': 2.5699749755859376,
          'Two': 43.91844177246094,
          'Twp': 50.18977355957031,
          'adr': 'Абрамовой, 2'},
 '0110': {'Pgw': 0.0,
          'Pwo': 0.0,
          'Pwp': 0.0,
          'Two': 0,
          'Twp': 0,
          'adr': 'Старомарьевское, 3'},
 '0111': {'Pgw': 3.8566766357421876,
          'Pwo': 2.885320129394531,
          'Pwp': 4.078223571777344,
          'Two': 62.46302795410156,
          'Twp': 70.544189453125,
          'adr': '4-я Промышленная, 3'},
 '0116': {'Pgw': 0.0,
          'Pwo': 0.0,
          'Pwp': 0.026277680397033692,
          'Two': 0,
          'Twp': 64.88335418701172,
          'adr': '2й Юго-Западный, 9'},
 '0211': {'Pgw': 0.0,
          'Pwo': 0.0,
          'Pwp': 0.0,
          'Two': 0,
          'Twp': 0,
          'adr': 'Доваторцев, 86/3'},
 '2017': {'Pgw': 9.249929809570313,
          'Pwo': 2.8959393310546875,
          'Pwp': 5.606157836914062,
          'Two': 50.57139587402344,
          'Twp': 52.10823059082031,
          'adr': 'Р.Люксембург, 65'}}
|12.02.2025 11:50:17| [ERROR]: ⛔️ Нет связи с OPC для Старомарьевское, 3 (idkot=0110) — Будет пропущена
|12.02.2025 11:50:17| [ERROR]: ⛔️ Нет связи с OPC для Доваторцев, 86/3 (idkot=0211) — Будет пропущена
|12.02.2025 11:50:17| [INFO]: Данные которые идут в базу 
|12.02.2025 11:50:26| [INFO]: ✅ Все данные за 2025-12-02 успешно обработаны
|12.02.2025 11:50:26| [INFO]: Опрос завершен
|12.02.2025 11:51:35| [INFO]: Начала опроса
|12.02.2025 11:51:43| [ERROR]: Ошибка ноды The operation failed.(Bad) ns=1;s=GPRS 2065.4-я Промышленная 3.Параметры.Вход15
|12.02.2025 11:51:43| [ERROR]: Ошибка ноды The operation failed.(Bad) ns=1;s=GPRS 2065.4-я Промышленная 3.Параметры.Вход9
|12.02.2025 11:51:43| [ERROR]: Ошибка ноды The operation failed.(Bad) ns=1;s=GPRS 2065.4-я Промышленная 3.Параметры.Вход10
|12.02.2025 11:51:43| [ERROR]: Ошибка ноды The operation failed.(Bad) ns=1;s=GPRS 2065.4-я Промышленная 3.Параметры.Вход11
|12.02.2025 11:51:43| [ERROR]: Ошибка ноды The operation failed.(Bad) ns=1;s=GPRS 2065.4-я Промышленная 3.Параметры.Вход12
|12.02.2025 11:51:49| [ERROR]: Ошибка ноды The operation failed.(Bad) ns=1;s=GPRS 2063.Доваторцев 86_3.Параметры.Вход5
|12.02.2025 11:51:49| [ERROR]: Ошибка ноды The operation failed.(Bad) ns=1;s=GPRS 2063.Доваторцев 86_3.Параметры.Вход1
|12.02.2025 11:51:49| [ERROR]: Ошибка ноды The operation failed.(Bad) ns=1;s=GPRS 2063.Доваторцев 86_3.Параметры.Вход2
|12.02.2025 11:51:50| [ERROR]: Ошибка ноды The operation failed.(Bad) ns=1;s=GPRS 2063.Доваторцев 86_3.Параметры.Вход3
|12.02.2025 11:51:50| [ERROR]: Ошибка ноды The operation failed.(Bad) ns=1;s=GPRS 2063.Доваторцев 86_3.Параметры.Вход7
|12.02.2025 11:51:54| [INFO]: Values: {'0014': {'Pgw': 3.2248748779296874,
          'Pwo': 4.498228149414063,
          'Pwp': 6.1018798828125,
          'Two': 52.97029113769531,
          'Twp': 67.5553207397461,
          'adr': '8 марта, 164Б'},
 '0021': {'Pgw': 2.9146868896484377,
          'Pwo': 3.2808056640625,
          'Pwp': 4.596308898925781,
          'Two': 48.322532653808594,
          'Twp': 64.09709167480469,
          'adr': 'Пушкина, 65'},
 '0024': {'Pgw': 4.536516723632812,
          'Pwo': 1.0291358947753906,
          'Pwp': 2.8410791015625,
          'Two': 43.218238830566406,
          'Twp': 47.80401611328125,
          'adr': 'Объездная, 31'},
 '0037': {'Pgw': 0.09630705833435059,
          'Pwo': 0.0765289306640625,
          'Pwp': 0.09283228874206544,
          'Two': 11.266804695129395,
          'Twp': 12.342527389526367,
          'adr': 'Балакирева, 5'},
 '0044': {'Pgw': 0.0,
          'Pwo': 0.0,
          'Pwp': 0.0,
          'Two': 0,
          'Twp': 0,
          'adr': 'Бабушкина, 2В'},
 '0048': {'Pgw': 4.25725830078125,
          'Pwo': 2.2498985290527345,
          'Pwp': 3.0857534790039063,
          'Two': 58.826263427734375,
          'Twp': 68.42330169677734,
          'adr': 'Фрунзе, 2'},
 '0049': {'Pgw': 0.04856653213500976,
          'Pwo': 0.01823969006538391,
          'Pwp': 0.024822590351104738,
          'Two': 65.26408386230469,
          'Twp': 73.02606201171875,
          'adr': 'Октябрьская, 159'},
 '0050': {'Pgw': 4.618954162597657,
          'Pwo': 2.451043701171875,
          'Pwp': 3.7025860595703124,
          'Two': 39.26414489746094,
          'Twp': 45.56465148925781,
          'adr': 'Октябрьская, 66'},
 '0055': {'Pgw': 0.025050570964813234,
          'Pwo': 0.023652091026306152,
          'Pwp': 0.036066610813140866,
          'Two': 0,
          'Twp': 68.01997375488281,
          'adr': 'Репина, 146'},
 '0056': {'Pgw': 3.067543640136719,
          'Pwo': 2.218214111328125,
          'Pwp': 3.067017822265625,
          'Two': 52.57006072998047,
          'Twp': 57.300148010253906,
          'adr': 'Дзержинского, 161'},
 '0060': {'Pgw': 0.0,
          'Pwo': 0.003372890055179596,
          'Pwp': 0.0048216798901557925,
          'Two': 54.89152526855469,
          'Twp': 68.85569763183594,
          'adr': 'Чапаева, 4'},
 '0063': {'Pgw': 3.5752487182617188,
          'Pwo': 2.3026214599609376,
          'Pwp': 3.0153900146484376,
          'Two': 59.07585906982422,
          'Twp': 64.15459442138672,
          'adr': 'Балахонова, 13'},
 '0064': {'Pgw': 0.021274189949035644,
          'Pwo': 0.023068840503692626,
          'Pwp': 0.03232795000076294,
          'Two': 52.2794075012207,
          'Twp': 62.97590255737305,
          'adr': 'Голенева, 46'},
 '0065': {'Pgw': 0.03775253057479858,
          'Pwo': 0.017111409902572632,
          'Pwp': 0.031449549198150635,
          'Two': 51.34477233886719,
          'Twp': 63.488643646240234,
          'adr': 'Краснофлотская 187'},
 '0067': {'Pgw': 2.8371099853515624,
          'Pwo': 2.354547119140625,
          'Pwp': 3.510580749511719,
          'Two': 55.43060302734375,
          'Twp': 67.9945068359375,
          'adr': 'Пономарева 5'},
 '0068': {'Pgw': 3.5437490844726565,
          'Pwo': 1.7499143981933594,
          'Pwp': 2.65090087890625,
          'Two': 50.91803741455078,
          'Twp': 64.5694351196289,
          'adr': 'Шпаковская 85'},
 '0072': {'Pgw': 0.03697585105895996,
          'Pwo': 0.02656761884689331,
          'Pwp': 0.03730667114257812,
          'Two': 41.70369338989258,
          'Twp': 49.293907165527344,
          'adr': 'К. Маркса, 65'},
 '0073': {'Pgw': -0.02,
          'Pwo': 0.023855679035186768,
          'Pwp': 0.037178969383239745,
          'Two': 41.6106071472168,
          'Twp': 47.651451110839844,
          'adr': 'К. Маркса, 77'},
 '0074': {'Pgw': 3.69181640625,
          'Pwo': 2.3200302124023438,
          'Pwp': 3.4947393798828124,
          'Two': 41.671836853027344,
          'Twp': 50.52085876464844,
          'adr': 'Фрунзе, 8'},
 '0075': {'Pgw': 4.147196960449219,
          'Pwo': 1.8642547607421875,
          'Pwp': 2.376573486328125,
          'Two': 44.98590087890625,
          'Twp': 47.8399543762207,
          'adr': 'Голенева, 6а'},
 '0076': {'Pgw': 3.4006439208984376,
          'Pwo': 2.84970703125,
          'Pwp': 3.5750247192382814,
          'Two': 44.73674774169922,
          'Twp': 48.868865966796875,
          'adr': 'Серова, 451'},
 '0079': {'Pgw': 2.103416290283203,
          'Pwo': 1.8664466857910156,
          'Pwp': 2.8096383666992186,
          'Two': 46.58042907714844,
          'Twp': 48.233985900878906,
          'adr': 'Гоголя, 36'},
 '0081': {'Pgw': 3.3926904296875,
          'Pwo': 1.8493605041503907,
          'Pwp': 2.910686340332031,
          'Two': 52.83606719970703,
          'Twp': 60.63324737548828,
          'adr': 'Воронежская, 14'},
 '0090': {'Pgw': 0.06637080192565918,
          'Pwo': 0.02151150941848755,
          'Pwp': 0.033497140407562256,
          'Two': 46.13626480102539,
          'Twp': 53.01268768310547,
          'adr': 'Селекционная станция 3'},
 '0099': {'Pgw': -0.0049379000067710874,
          'Pwo': 1.298140869140625,
          'Pwp': 2.4955403137207033,
          'Two': 56.653656005859375,
          'Twp': 65.15215301513672,
          'adr': 'Завокзальная, 33а к.А'},
 '0100': {'Pgw': 0.0,
          'Pwo': 0.0,
          'Pwp': 0.021812310218811037,
          'Two': 55.218563079833984,
          'Twp': 0,
          'adr': 'Завокзальная, 33а к.Б'},
 '0102': {'Pgw': 4.57182373046875,
          'Pwo': 3.3690692138671876,
          'Pwp': 5.0664981079101565,
          'Two': 48.213523864746094,
          'Twp': 64.50050354003906,
          'adr': 'Партизанская, 1г'},
 '0103': {'Pgw': 0.0,
          'Pwo': 0.0021645300090312957,
          'Pwp': 0.002528029978275299,
          'Two': 0,
          'Twp': 67.68812561035156,
          'adr': 'Старомарьевское, 7'},
 '0107': {'Pgw': 4.403731384277344,
          'Pwo': 2.161326446533203,
          'Pwp': 2.561923828125,
          'Two': 43.88374328613281,
          'Twp': 48.94853973388672,
          'adr': 'Абрамовой, 2'},
 '0110': {'Pgw': 0.0,
          'Pwo': 0.0,
          'Pwp': 0.0,
          'Two': 0,
          'Twp': 0,
          'adr': 'Старомарьевское, 3'},
 '0111': {'Pgw': 0.0,
          'Pwo': 0.0,
          'Pwp': 0.0,
          'Two': 0,
          'Twp': 0,
          'adr': '4-я Промышленная, 3'},
 '0116': {'Pgw': 0.0,
          'Pwo': 0.0,
          'Pwp': 0.026233139038085936,
          'Two': 0,
          'Twp': 67.39046478271484,
          'adr': '2й Юго-Западный, 9'},
 '0211': {'Pgw': 0.0,
          'Pwo': 0.0,
          'Pwp': 0.0,
          'Two': 0,
          'Twp': 0,
          'adr': 'Доваторцев, 86/3'},
 '2017': {'Pgw': 9.27747802734375,
          'Pwo': 2.922769775390625,
          'Pwp': 5.6056146240234375,
          'Two': 50.52482604980469,
          'Twp': 52.30559539794922,
          'adr': 'Р.Люксембург, 65'}}
|12.02.2025 11:51:54| [ERROR]: ⛔️ Нет связи с OPC для 4-я Промышленная, 3 (idkot=0111) — Будет пропущена
|12.02.2025 11:51:54| [ERROR]: ⛔️ Нет связи с OPC для Старомарьевское, 3 (idkot=0110) — Будет пропущена
|12.02.2025 11:51:54| [ERROR]: ⛔️ Нет связи с OPC для Доваторцев, 86/3 (idkot=0211) — Будет пропущена
|12.02.2025 11:51:54| [INFO]: Данные которые идут в базу 
|12.02.2025 11:52:03| [INFO]: ✅ Все данные за 2025-12-02 успешно обработаны
|12.02.2025 11:52:03| [INFO]: Опрос завершен
|12.02.2025 11:58:20| [INFO]: Начала опроса
|12.02.2025 11:58:35| [ERROR]: Ошибка ноды The operation failed.(Bad) ns=1;s=GPRS 2063.Доваторцев 86_3.Параметры.Вход5
|12.02.2025 11:58:35| [ERROR]: Ошибка ноды The operation failed.(Bad) ns=1;s=GPRS 2063.Доваторцев 86_3.Параметры.Вход1
|12.02.2025 11:58:35| [ERROR]: Ошибка ноды The operation failed.(Bad) ns=1;s=GPRS 2063.Доваторцев 86_3.Параметры.Вход2
|12.02.2025 11:58:35| [ERROR]: Ошибка ноды The operation failed.(Bad) ns=1;s=GPRS 2063.Доваторцев 86_3.Параметры.Вход3
|12.02.2025 11:58:36| [ERROR]: Ошибка ноды The operation failed.(Bad) ns=1;s=GPRS 2063.Доваторцев 86_3.Параметры.Вход7
|12.02.2025 11:58:40| [ERROR]: ⛔️ Нет связи с OPC для Старомарьевское, 3 (idkot=0110) — Будет пропущена
|12.02.2025 11:58:40| [ERROR]: ⛔️ Нет связи с OPC для Доваторцев, 86/3 (idkot=0211) — Будет пропущена
|12.02.2025 11:58:49| [INFO]: ✅ Все данные за 2025-12-02 успешно обработаны
|12.02.2025 11:58:49| [INFO]: Опрос завершен
|12.02.2025 11:59:55| [INFO]: Начала опроса
|12.02.2025 12:00:10| [ERROR]: Ошибка ноды The operation failed.(Bad) ns=1;s=GPRS 2063.Доваторцев 86_3.Параметры.Вход5
|12.02.2025 12:00:10| [ERROR]: Ошибка ноды The operation failed.(Bad) ns=1;s=GPRS 2063.Доваторцев 86_3.Параметры.Вход1
|12.02.2025 12:00:10| [ERROR]: Ошибка ноды The operation failed.(Bad) ns=1;s=GPRS 2063.Доваторцев 86_3.Параметры.Вход2
|12.02.2025 12:00:11| [ERROR]: Ошибка ноды The operation failed.(Bad) ns=1;s=GPRS 2063.Доваторцев 86_3.Параметры.Вход3
|12.02.2025 12:00:11| [ERROR]: Ошибка ноды The operation failed.(Bad) ns=1;s=GPRS 2063.Доваторцев 86_3.Параметры.Вход7
|12.02.2025 12:00:15| [INFO]: ДАННЫЕ С OPC: {'0014': {'Pgw': 3.215135192871094,
          'Pwo': 4.117062377929687,
          'Pwp': 5.709779663085937,
          'Two': 52.77449417114258,
          'Twp': 67.57396697998047,
          'adr': '8 марта, 164Б'},
 '0021': {'Pgw': 2.9676687622070315,
          'Pwo': 3.2732504272460936,
          'Pwp': 4.577403564453125,
          'Two': 48.40351104736328,
          'Twp': 64.05036926269531,
          'adr': 'Пушкина, 65'},
 '0024': {'Pgw': 4.569117126464843,
          'Pwo': 1.0254788970947266,
          'Pwp': 2.816767578125,
          'Two': 42.99999237060547,
          'Twp': 47.19862365722656,
          'adr': 'Объездная, 31'},
 '0037': {'Pgw': 0.09621264457702637,
          'Pwo': 0.076283540725708,
          'Pwp': 0.09224943161010742,
          'Two': 11.201576232910156,
          'Twp': 12.33009147644043,
          'adr': 'Балакирева, 5'},
 '0044': {'Pgw': 0.0,
          'Pwo': 0.0,
          'Pwp': 0.0,
          'Two': 0,
          'Twp': 0,
          'adr': 'Бабушкина, 2В'},
 '0048': {'Pgw': 4.197011108398438,
          'Pwo': 2.3179354858398438,
          'Pwp': 3.0971002197265625,
          'Two': 58.54673385620117,
          'Twp': 70.88963317871094,
          'adr': 'Фрунзе, 2'},
 '0049': {'Pgw': 0.04935135841369629,
          'Pwo': 0.018179659843444825,
          'Pwp': 0.024813408851623534,
          'Two': 63.908687591552734,
          'Twp': 70.43085479736328,
          'adr': 'Октябрьская, 159'},
 '0050': {'Pgw': 4.620491333007813,
          'Pwo': 2.442795715332031,
          'Pwp': 3.708883972167969,
          'Two': 39.48486328125,
          'Twp': 45.36177062988281,
          'adr': 'Октябрьская, 66'},
 '0055': {'Pgw': 0.02478008031845093,
          'Pwo': 0.02365433931350708,
          'Pwp': 0.036076180934906006,
          'Two': 0,
          'Twp': 68.70967102050781,
          'adr': 'Репина, 146'},
 '0056': {'Pgw': -0.5254677581787109,
          'Pwo': 2.204046630859375,
          'Pwp': 3.044295349121094,
          'Two': 52.49134826660156,
          'Twp': 57.21928405761719,
          'adr': 'Дзержинского, 161'},
 '0060': {'Pgw': 0.0,
          'Pwo': 0.003348489999771118,
          'Pwp': 0.004699560105800629,
          'Two': 54.60838317871094,
          'Twp': 68.80552673339844,
          'adr': 'Чапаева, 4'},
 '0063': {'Pgw': 3.841186828613281,
          'Pwo': 2.32216552734375,
          'Pwp': 3.0295819091796874,
          'Two': 58.68159103393555,
          'Twp': 65.81649780273438,
          'adr': 'Балахонова, 13'},
 '0064': {'Pgw': 0.020222880840301515,
          'Pwo': 0.02299799919128418,
          'Pwp': 0.03234019994735718,
          'Two': 52.26701736450195,
          'Twp': 63.119136810302734,
          'adr': 'Голенева, 46'},
 '0065': {'Pgw': 0.037737538814544676,
          'Pwo': 0.017036110162734985,
          'Pwp': 0.03136291980743408,
          'Two': 51.41892623901367,
          'Twp': 63.057960510253906,
          'adr': 'Краснофлотская 187'},
 '0067': {'Pgw': 2.9033084106445313,
          'Pwo': 2.3307044982910154,
          'Pwp': 3.4709072875976563,
          'Two': 55.302764892578125,
          'Twp': 67.44552612304688,
          'adr': 'Пономарева 5'},
 '0068': {'Pgw': 3.547313537597656,
          'Pwo': 1.7418016052246095,
          'Pwp': 2.655478515625,
          'Two': 50.943565368652344,
          'Twp': 64.17418670654297,
          'adr': 'Шпаковская 85'},
 '0072': {'Pgw': 0.036645228862762454,
          'Pwo': 0.026594018936157225,
          'Pwp': 0.03737067937850952,
          'Two': 41.71495819091797,
          'Twp': 51.940093994140625,
          'adr': 'К. Маркса, 65'},
 '0073': {'Pgw': -0.02,
          'Pwo': 0.023782799243927,
          'Pwp': 0.037123379707336424,
          'Two': 41.58827209472656,
          'Twp': 47.611873626708984,
          'adr': 'К. Маркса, 77'},
 '0074': {'Pgw': 3.818616943359375,
          'Pwo': 2.8369064331054688,
          'Pwp': 4.017553405761719,
          'Two': 41.19742202758789,
          'Twp': 49.49916076660156,
          'adr': 'Фрунзе, 8'},
 '0075': {'Pgw': 4.099799499511719,
          'Pwo': 1.872840576171875,
          'Pwp': 2.3755491638183592,
          'Two': 45.343448638916016,
          'Twp': 50.8918571472168,
          'adr': 'Голенева, 6а'},
 '0076': {'Pgw': 3.4169137573242185,
          'Pwo': 2.984855041503906,
          'Pwp': 3.6872357177734374,
          'Two': 44.58623504638672,
          'Twp': 51.12310791015625,
          'adr': 'Серова, 451'},
 '0079': {'Pgw': 2.0718359375,
          'Pwo': 1.8795407104492188,
          'Pwp': 2.8152310180664064,
          'Two': 46.592010498046875,
          'Twp': 48.889129638671875,
          'adr': 'Гоголя, 36'},
 '0081': {'Pgw': 3.375388488769531,
          'Pwo': 1.7935543823242188,
          'Pwp': 2.9056515502929687,
          'Two': 53.02131652832031,
          'Twp': 64.98918151855469,
          'adr': 'Воронежская, 14'},
 '0090': {'Pgw': 0.06801117897033691,
          'Pwo': 0.02152539014816284,
          'Pwp': 0.033553440570831296,
          'Two': 46.16065216064453,
          'Twp': 53.01981735229492,
          'adr': 'Селекционная станция 3'},
 '0099': {'Pgw': 0.019979710578918456,
          'Pwo': 1.3689082336425782,
          'Pwp': 2.484779968261719,
          'Two': 57.81914520263672,
          'Twp': 68.02278900146484,
          'adr': 'Завокзальная, 33а к.А'},
 '0100': {'Pgw': 0.0,
          'Pwo': 0.0,
          'Pwp': 0.02181049108505249,
          'Two': 55.3651123046875,
          'Twp': 0,
          'adr': 'Завокзальная, 33а к.Б'},
 '0102': {'Pgw': 4.692298583984375,
          'Pwo': 3.189649658203125,
          'Pwp': 5.084236755371093,
          'Two': 47.90603256225586,
          'Twp': 65.67240905761719,
          'adr': 'Партизанская, 1г'},
 '0103': {'Pgw': 0.0,
          'Pwo': 0.002068299949169159,
          'Pwp': 0.002455430030822754,
          'Two': 0,
          'Twp': 64.38807678222656,
          'adr': 'Старомарьевское, 7'},
 '0107': {'Pgw': 4.399530944824218,
          'Pwo': 2.095439910888672,
          'Pwp': 2.5275704956054685,
          'Two': 43.80279541015625,
          'Twp': 49.440345764160156,
          'adr': 'Абрамовой, 2'},
 '0110': {'Pgw': 0.0,
          'Pwo': 0.0,
          'Pwp': 0.0,
          'Two': 0,
          'Twp': 0,
          'adr': 'Старомарьевское, 3'},
 '0111': {'Pgw': 3.8575054931640627,
          'Pwo': 2.931446533203125,
          'Pwp': 4.127470092773438,
          'Two': 62.96752166748047,
          'Twp': 70.84871673583984,
          'adr': '4-я Промышленная, 3'},
 '0116': {'Pgw': 0.0,
          'Pwo': 0.0,
          'Pwp': 0.0262545108795166,
          'Two': 0,
          'Twp': 68.44696807861328,
          'adr': '2й Юго-Западный, 9'},
 '0211': {'Pgw': 0.0,
          'Pwo': 0.0,
          'Pwp': 0.0,
          'Two': 0,
          'Twp': 0,
          'adr': 'Доваторцев, 86/3'},
 '2017': {'Pgw': 9.253866577148438,
          'Pwo': 2.896951904296875,
          'Pwp': 5.609960327148437,
          'Two': 50.478271484375,
          'Twp': 52.09660339355469,
          'adr': 'Р.Люксембург, 65'}}
|12.02.2025 12:00:15| [INFO]: ДАННЫЕ С БАЗЫ ДАННЫХ: [{'MAX(Dateizm)': datetime.date(2025, 12, 2),
  'Pgw': 0.0,
  'Pwo': 0.0,
  'Pwp': 0.0,
  'Two': 0.0,
  'Twp': 0.0,
  'idkot': '0014'},
 {'MAX(Dateizm)': datetime.date(2025, 12, 2),
  'Pgw': 3.1,
  'Pwo': 3.0,
  'Pwp': 3.1,
  'Two': 50.4,
  'Twp': 69.2,
  'idkot': '0021'},
 {'MAX(Dateizm)': datetime.date(2025, 12, 2),
  'Pgw': 4.7,
  'Pwo': 1.7,
  'Pwp': 2.5,
  'Two': 57.5,
  'Twp': 67.1,
  'idkot': '0024'},
 {'MAX(Dateizm)': datetime.date(2025, 12, 2),
  'Pgw': 3.7,
  'Pwo': 2.4,
  'Pwp': 3.7,
  'Two': 50.4,
  'Twp': 56.1,
  'idkot': '0037'},
 {'MAX(Dateizm)': datetime.date(2025, 12, 2),
  'Pgw': 3.4,
  'Pwo': 1.8,
  'Pwp': 2.5,
  'Two': 63.7,
  'Twp': 68.2,
  'idkot': '0048'},
 {'MAX(Dateizm)': datetime.date(2025, 12, 2),
  'Pgw': None,
  'Pwo': None,
  'Pwp': None,
  'Two': None,
  'Twp': None,
  'idkot': '0049'},
 {'MAX(Dateizm)': datetime.date(2025, 12, 2),
  'Pgw': 5.0,
  'Pwo': 2.2,
  'Pwp': 3.0,
  'Two': 58.5,
  'Twp': 67.2,
  'idkot': '0050'},
 {'MAX(Dateizm)': datetime.date(2025, 12, 2),
  'Pgw': 4.3,
  'Pwo': 1.0,
  'Pwp': 1.6,
  'Two': 65.3,
  'Twp': 73.7,
  'idkot': '0056'},
 {'MAX(Dateizm)': datetime.date(2025, 12, 2),
  'Pgw': None,
  'Pwo': 3.1,
  'Pwp': 4.5,
  'Two': 50.5,
  'Twp': 64.1,
  'idkot': '0060'},
 {'MAX(Dateizm)': datetime.date(2025, 12, 2),
  'Pgw': 2.7,
  'Pwo': 2.0,
  'Pwp': 3.1,
  'Two': 62.8,
  'Twp': 71.7,
  'idkot': '0063'},
 {'MAX(Dateizm)': datetime.date(2025, 12, 2),
  'Pgw': 3.9,
  'Pwo': 2.4,
  'Pwp': 3.2,
  'Two': 73.2,
  'Twp': 77.9,
  'idkot': '0064'},
 {'MAX(Dateizm)': datetime.date(2025, 12, 2),
  'Pgw': 1.6,
  'Pwo': 1.6,
  'Pwp': 3.6,
  'Two': 62.9,
  'Twp': 78.9,
  'idkot': '0065'},
 {'MAX(Dateizm)': datetime.date(2025, 12, 2),
  'Pgw': 3.0,
  'Pwo': 3.0,
  'Pwp': 3.5,
  'Two': 66.7,
  'Twp': 77.2,
  'idkot': '0067'},
 {'MAX(Dateizm)': datetime.date(2025, 12, 2),
  'Pgw': 3.8,
  'Pwo': 2.2,
  'Pwp': 3.3,
  'Two': 60.8,
  'Twp': 69.9,
  'idkot': '0068'},
 {'MAX(Dateizm)': datetime.date(2025, 12, 2),
  'Pgw': 0.0,
  'Pwo': 2.5,
  'Pwp': 3.6,
  'Two': 65.2,
  'Twp': 78.5,
  'idkot': '0072'},
 {'MAX(Dateizm)': datetime.date(2025, 12, 2),
  'Pgw': 3.2,
  'Pwo': 1.8,
  'Pwp': 3.7,
  'Two': 59.8,
  'Twp': 76.0,
  'idkot': '0073'},
 {'MAX(Dateizm)': datetime.date(2025, 12, 2),
  'Pgw': 3.3,
  'Pwo': 1.7,
  'Pwp': 3.6,
  'Two': 68.4,
  'Twp': 75.5,
  'idkot': '0074'},
 {'MAX(Dateizm)': datetime.date(2025, 12, 2),
  'Pgw': 3.5,
  'Pwo': 1.4,
  'Pwp': 2.3,
  'Two': 61.0,
  'Twp': 71.0,
  'idkot': '0075'},
 {'MAX(Dateizm)': datetime.date(2025, 12, 2),
  'Pgw': 3.7,
  'Pwo': 2.1,
  'Pwp': 3.2,
  'Two': 60.1,
  'Twp': 68.1,
  'idkot': '0076'},
 {'MAX(Dateizm)': datetime.date(2025, 12, 2),
  'Pgw': 6.0,
  'Pwo': 1.7,
  'Pwp': 2.5,
  'Two': 64.3,
  'Twp': 79.2,
  'idkot': '0079'},
 {'MAX(Dateizm)': datetime.date(2025, 12, 2),
  'Pgw': 4.4,
  'Pwo': 2.3,
  'Pwp': 2.9,
  'Two': 63.5,
  'Twp': 73.6,
  'idkot': '0081'},
 {'MAX(Dateizm)': datetime.date(2025, 12, 2),
  'Pgw': 0.0,
  'Pwo': 0.0,
  'Pwp': 0.0,
  'Two': 0.0,
  'Twp': 0.0,
  'idkot': '0090'},
 {'MAX(Dateizm)': datetime.date(2025, 12, 2),
  'Pgw': None,
  'Pwo': None,
  'Pwp': None,
  'Two': None,
  'Twp': 64.3,
  'idkot': '0099'},
 {'MAX(Dateizm)': datetime.date(2025, 12, 2),
  'Pgw': None,
  'Pwo': None,
  'Pwp': None,
  'Two': None,
  'Twp': 72.1,
  'idkot': '0100'},
 {'MAX(Dateizm)': datetime.date(2025, 12, 2),
  'Pgw': 4.9,
  'Pwo': 2.9,
  'Pwp': 4.4,
  'Two': 58.2,
  'Twp': 75.5,
  'idkot': '0102'},
 {'MAX(Dateizm)': datetime.date(2025, 12, 2),
  'Pgw': None,
  'Pwo': 2.5,
  'Pwp': 2.9,
  'Two': None,
  'Twp': 78.0,
  'idkot': '0103'},
 {'MAX(Dateizm)': datetime.date(2025, 12, 2),
  'Pgw': 3.2,
  'Pwo': 2.2,
  'Pwp': 2.6,
  'Two': 58.8,
  'Twp': 64.7,
  'idkot': '0107'},
 {'MAX(Dateizm)': datetime.date(2025, 11, 26),
  'Pgw': 1.4,
  'Pwo': 1.2,
  'Pwp': 2.4,
  'Two': 56.3,
  'Twp': 65.6,
  'idkot': '0110'},
 {'MAX(Dateizm)': datetime.date(2025, 12, 2),
  'Pgw': 3.6,
  'Pwo': 2.5,
  'Pwp': 2.9,
  'Two': 55.7,
  'Twp': 66.8,
  'idkot': '0111'},
 {'MAX(Dateizm)': datetime.date(2025, 12, 2),
  'Pgw': None,
  'Pwo': None,
  'Pwp': None,
  'Two': None,
  'Twp': None,
  'idkot': '0116'},
 {'MAX(Dateizm)': datetime.date(2025, 12, 2),
  'Pgw': 3.4,
  'Pwo': 3.9,
  'Pwp': 4.6,
  'Two': 66.0,
  'Twp': 74.6,
  'idkot': '0211'},
 {'MAX(Dateizm)': datetime.date(2025, 12, 2),
  'Pgw': 9.7,
  'Pwo': 2.7,
  'Pwp': 5.3,
  'Two': 53.3,
  'Twp': 62.6,
  'idkot': '2017'}]
|12.02.2025 12:00:15| [ERROR]: ⛔️ Нет связи с OPC для Старомарьевское, 3 (idkot=0110) — Будет пропущена
|12.02.2025 12:00:15| [ERROR]: ⛔️ Нет связи с OPC для Доваторцев, 86/3 (idkot=0211) — Будет пропущена
|12.02.2025 12:00:15| [INFO]: ДАННЫЕ КОТОРЫЕ ИДУТ В БАЗУ ДАННЫХ: {'0014': {'Pgw': 1.61,
          'Pwo': 2.06,
          'Pwp': 2.85,
          'Two': 26.39,
          'Twp': 33.79,
          'adr': '8 марта, 164Б'},
 '0021': {'Pgw': 3.03,
          'Pwo': 3.14,
          'Pwp': 3.84,
          'Two': 49.4,
          'Twp': 66.63,
          'adr': 'Пушкина, 65'},
 '0024': {'Pgw': 4.63,
          'Pwo': 1.36,
          'Pwp': 2.66,
          'Two': 50.25,
          'Twp': 57.15,
          'adr': 'Объездная, 31'},
 '0037': {'Pgw': 1.9,
          'Pwo': 1.24,
          'Pwp': 1.9,
          'Two': 30.8,
          'Twp': 34.22,
          'adr': 'Балакирева, 5'},
 '0048': {'Pgw': 3.8,
          'Pwo': 2.06,
          'Pwp': 2.8,
          'Two': 61.12,
          'Twp': 69.54,
          'adr': 'Фрунзе, 2'},
 '0049': {'Pgw': 0.05,
          'Pwo': 0.02,
          'Pwp': 0.02,
          'Two': 63.91,
          'Twp': 70.43,
          'adr': 'Октябрьская, 159'},
 '0050': {'Pgw': 4.81,
          'Pwo': 2.32,
          'Pwp': 3.35,
          'Two': 48.99,
          'Twp': 56.28,
          'adr': 'Октябрьская, 66'},
 '0056': {'Pgw': 1.89,
          'Pwo': 1.6,
          'Pwp': 2.32,
          'Two': 58.9,
          'Twp': 65.46,
          'adr': 'Дзержинского, 161'},
 '0060': {'Pgw': 0.0,
          'Pwo': 1.55,
          'Pwp': 2.25,
          'Two': 52.55,
          'Twp': 66.45,
          'adr': 'Чапаева, 4'},
 '0063': {'Pgw': 3.27,
          'Pwo': 2.16,
          'Pwp': 3.06,
          'Two': 60.74,
          'Twp': 68.76,
          'adr': 'Балахонова, 13'},
 '0064': {'Pgw': 1.96,
          'Pwo': 1.21,
          'Pwp': 1.62,
          'Two': 62.73,
          'Twp': 70.51,
          'adr': 'Голенева, 46'},
 '0065': {'Pgw': 0.82,
          'Pwo': 0.81,
          'Pwp': 1.82,
          'Two': 57.16,
          'Twp': 70.98,
          'adr': 'Краснофлотская 187'},
 '0067': {'Pgw': 2.95,
          'Pwo': 2.67,
          'Pwp': 3.49,
          'Two': 61.0,
          'Twp': 72.32,
          'adr': 'Пономарева 5'},
 '0068': {'Pgw': 3.67,
          'Pwo': 1.97,
          'Pwp': 2.98,
          'Two': 55.87,
          'Twp': 67.04,
          'adr': 'Шпаковская 85'},
 '0072': {'Pgw': 0.02,
          'Pwo': 1.26,
          'Pwp': 1.82,
          'Two': 53.46,
          'Twp': 65.22,
          'adr': 'К. Маркса, 65'},
 '0073': {'Pgw': 1.59,
          'Pwo': 0.91,
          'Pwp': 1.87,
          'Two': 50.69,
          'Twp': 61.81,
          'adr': 'К. Маркса, 77'},
 '0074': {'Pgw': 3.56,
          'Pwo': 2.27,
          'Pwp': 3.81,
          'Two': 54.8,
          'Twp': 62.5,
          'adr': 'Фрунзе, 8'},
 '0075': {'Pgw': 3.8,
          'Pwo': 1.64,
          'Pwp': 2.34,
          'Two': 53.17,
          'Twp': 60.95,
          'adr': 'Голенева, 6а'},
 '0076': {'Pgw': 3.56,
          'Pwo': 2.54,
          'Pwp': 3.44,
          'Two': 52.34,
          'Twp': 59.61,
          'adr': 'Серова, 451'},
 '0079': {'Pgw': 4.04,
          'Pwo': 1.79,
          'Pwp': 2.66,
          'Two': 55.45,
          'Twp': 64.04,
          'adr': 'Гоголя, 36'},
 '0081': {'Pgw': 3.89,
          'Pwo': 2.05,
          'Pwp': 2.9,
          'Two': 58.26,
          'Twp': 69.29,
          'adr': 'Воронежская, 14'},
 '0090': {'Pgw': 0.03,
          'Pwo': 0.01,
          'Pwp': 0.02,
          'Two': 23.08,
          'Twp': 26.51,
          'adr': 'Селекционная станция 3'},
 '0099': {'Pgw': 0.02,
          'Pwo': 1.37,
          'Pwp': 2.48,
          'Two': 57.82,
          'Twp': 66.16,
          'adr': 'Завокзальная, 33а к.А'},
 '0100': {'Pgw': 0.0,
          'Pwo': 0.0,
          'Pwp': 0.02,
          'Two': 55.37,
          'Twp': 72.1,
          'adr': 'Завокзальная, 33а к.Б'},
 '0102': {'Pgw': 4.8,
          'Pwo': 3.04,
          'Pwp': 4.74,
          'Two': 53.05,
          'Twp': 70.59,
          'adr': 'Партизанская, 1г'},
 '0103': {'Pgw': 0.0,
          'Pwo': 1.25,
          'Pwp': 1.45,
          'Two': 0.0,
          'Twp': 71.19,
          'adr': 'Старомарьевское, 7'},
 '0107': {'Pgw': 3.8,
          'Pwo': 2.15,
          'Pwp': 2.56,
          'Two': 51.3,
          'Twp': 57.07,
          'adr': 'Абрамовой, 2'},
 '0111': {'Pgw': 3.73,
          'Pwo': 2.72,
          'Pwp': 3.51,
          'Two': 59.33,
          'Twp': 68.82,
          'adr': '4-я Промышленная, 3'},
 '0116': {'Pgw': 0.0,
          'Pwo': 0.0,
          'Pwp': 0.03,
          'Two': 0.0,
          'Twp': 68.45,
          'adr': '2й Юго-Западный, 9'},
 '2017': {'Pgw': 9.48,
          'Pwo': 2.8,
          'Pwp': 5.45,
          'Two': 51.89,
          'Twp': 57.35,
          'adr': 'Р.Люксембург, 65'}}
|12.02.2025 12:00:24| [INFO]: ✅ Все данные за 2025-12-02 успешно обработаны
|12.02.2025 12:00:24| [INFO]: Опрос завершен
|12.02.2025 12:30:24| [INFO]: Начала опроса
|12.02.2025 12:30:45| [INFO]: ДАННЫЕ С OPC: {'0014': {'Pgw': 3.2461834716796876,
          'Pwo': 4.364840087890625,
          'Pwp': 5.9764337158203125,
          'Two': 52.589359283447266,
          'Twp': 66.69931030273438,
          'adr': '8 марта, 164Б'},
 '0021': {'Pgw': 2.965121154785156,
          'Pwo': 3.270732116699219,
          'Pwp': 4.605761413574219,
          'Two': 48.61175537109375,
          'Twp': 64.29568481445312,
          'adr': 'Пушкина, 65'},
 '0024': {'Pgw': 4.548527221679688,
          'Pwo': 0.9852517700195312,
          'Pwp': 2.7367428588867186,
          'Two': 42.46012878417969,
          'Twp': 46.593231201171875,
          'adr': 'Объездная, 31'},
 '0037': {'Pgw': 0.09664082527160645,
          'Pwo': 0.07662388801574707,
          'Pwp': 0.09294262886047364,
          'Two': 11.201882362365723,
          'Twp': 12.331042289733887,
          'adr': 'Балакирева, 5'},
 '0044': {'Pgw': 0.0,
          'Pwo': 0.0,
          'Pwp': 0.0,
          'Two': 0,
          'Twp': 0,
          'adr': 'Бабушкина, 2В'},
 '0048': {'Pgw': 4.351932983398438,
          'Pwo': 2.3147259521484376,
          'Pwp': 3.0563232421875,
          'Two': 57.374488830566406,
          'Twp': 68.0046615600586,
          'adr': 'Фрунзе, 2'},
 '0049': {'Pgw': 0.050197200775146486,
          'Pwo': 0.018465089797973632,
          'Pwp': 0.02506011962890625,
          'Two': 64.93815612792969,
          'Twp': 72.63518524169922,
          'adr': 'Октябрьская, 159'},
 '0050': {'Pgw': 4.679421081542968,
          'Pwo': 2.4237225341796873,
          'Pwp': 3.6665130615234376,
          'Two': 38.369667053222656,
          'Twp': 44.597991943359375,
          'adr': 'Октябрьская, 66'},
 '0055': {'Pgw': 0.024425199031829836,
          'Pwo': 0.02371556043624878,
          'Pwp': 0.03609823942184448,
          'Two': 0,
          'Twp': 68.99982452392578,
          'adr': 'Репина, 146'},
 '0056': {'Pgw': 3.0728268432617187,
          'Pwo': 2.204046630859375,
          'Pwp': 3.0604208374023436,
          'Two': 52.39015197753906,
          'Twp': 57.046043395996094,
          'adr': 'Дзержинского, 161'},
 '0060': {'Pgw': 0.0,
          'Pwo': 0.0035680800676345823,
          'Pwp': 0.004968219995498657,
          'Two': 54.65840148925781,
          'Twp': 69.45680236816406,
          'adr': 'Чапаева, 4'},
 '0063': {'Pgw': 3.7912936401367188,
          'Pwo': 2.318409271240234,
          'Pwp': 3.0304119873046873,
          'Two': 58.700843811035156,
          'Twp': 65.91126251220703,
          'adr': 'Балахонова, 13'},
 '0064': {'Pgw': 0.02263788938522339,
          'Pwo': 0.023032679557800292,
          'Pwp': 0.032370800971984866,
          'Two': 52.28279113769531,
          'Twp': 63.1672477722168,
          'adr': 'Голенева, 46'},
 '0065': {'Pgw': 0.037928590774536135,
          'Pwo': 0.01704609990119934,
          'Pwp': 0.03138835906982422,
          'Two': 51.307369232177734,
          'Twp': 61.646183013916016,
          'adr': 'Краснофлотская 187'},
 '0067': {'Pgw': 2.874034729003906,
          'Pwo': 2.3246644592285155,
          'Pwp': 3.5055169677734375,
          'Two': 55.686279296875,
          'Twp': 67.88470458984375,
          'adr': 'Пономарева 5'},
 '0068': {'Pgw': 3.5504583740234374,
          'Pwo': 1.7477818298339844,
          'Pwp': 2.59448974609375,
          'Two': 50.99563217163086,
          'Twp': 63.91212463378906,
          'adr': 'Шпаковская 85'},
 '0072': {'Pgw': 0.03765028953552246,
          'Pwo': 0.026604890823364258,
          'Pwp': 0.03728943109512329,
          'Two': 41.48627471923828,
          'Twp': 41.39372253417969,
          'adr': 'К. Маркса, 65'},
 '0073': {'Pgw': -0.02,
          'Pwo': 0.02386929988861084,
          'Pwp': 0.03714387893676758,
          'Two': 41.51597213745117,
          'Twp': 47.47773742675781,
          'adr': 'К. Маркса, 77'},
 '0074': {'Pgw': 3.863611145019531,
          'Pwo': 2.6538125610351564,
          'Pwp': 3.9236068725585938,
          'Two': 41.12088394165039,
          'Twp': 50.06410217285156,
          'adr': 'Фрунзе, 8'},
 '0075': {'Pgw': 4.242027893066406,
          'Pwo': 1.8711947631835937,
          'Pwp': 2.3829191589355467,
          'Two': 45.12697219848633,
          'Twp': 50.56494903564453,
          'adr': 'Голенева, 6а'},
 '0076': {'Pgw': 3.4265737915039063,
          'Pwo': 2.9300927734375,
          'Pwp': 3.6496627807617186,
          'Two': 44.748321533203125,
          'Twp': 50.15367126464844,
          'adr': 'Серова, 451'},
 '0079': {'Pgw': 1.9373655700683594,
          'Pwo': 1.8009751892089845,
          'Pwp': 2.750155334472656,
          'Two': 46.07057189941406,
          'Twp': 50.85456848144531,
          'adr': 'Гоголя, 36'},
 '0081': {'Pgw': 3.3494354248046876,
          'Pwo': 1.9021493530273437,
          'Pwp': 2.950965576171875,
          'Two': 52.893959045410156,
          'Twp': 64.93063354492188,
          'adr': 'Воронежская, 14'},
 '0090': {'Pgw': 0.06741570949554443,
          'Pwo': 0.021155169010162355,
          'Pwp': 0.03315145015716553,
          'Two': 46.19984817504883,
          'Twp': 53.04457092285156,
          'adr': 'Селекционная станция 3'},
 '0099': {'Pgw': -0.001163410022854805,
          'Pwo': 1.3451504516601562,
          'Pwp': 2.549341278076172,
          'Two': 58.476287841796875,
          'Twp': 66.41572570800781,
          'adr': 'Завокзальная, 33а к.А'},
 '0100': {'Pgw': 0.0,
          'Pwo': 0.0,
          'Pwp': 0.022332820892333984,
          'Two': 55.03572463989258,
          'Twp': 0,
          'adr': 'Завокзальная, 33а к.Б'},
 '0102': {'Pgw': 4.687381286621093,
          'Pwo': 2.992490539550781,
          'Pwp': 5.078138732910157,
          'Two': 46.78364944458008,
          'Twp': 65.22164916992188,
          'adr': 'Партизанская, 1г'},
 '0103': {'Pgw': 0.0,
          'Pwo': 0.002048570066690445,
          'Pwp': 0.002418829947710037,
          'Two': 0,
          'Twp': 62.98924255371094,
          'adr': 'Старомарьевское, 7'},
 '0107': {'Pgw': 4.466211547851563,
          'Pwo': 2.134810485839844,
          'Pwp': 2.5404531860351565,
          'Two': 43.490516662597656,
          'Twp': 50.236610412597656,
          'adr': 'Абрамовой, 2'},
 '0110': {'Pgw': 0.0,
          'Pwo': 0.0,
          'Pwp': 0.0,
          'Two': 0,
          'Twp': 0,
          'adr': 'Старомарьевское, 3'},
 '0111': {'Pgw': 3.933008117675781,
          'Pwo': 2.8135671997070313,
          'Pwp': 4.068482055664062,
          'Two': 62.33690643310547,
          'Twp': 65.81236267089844,
          'adr': '4-я Промышленная, 3'},
 '0116': {'Pgw': 0.0,
          'Pwo': 0.0,
          'Pwp': 0.026335389614105226,
          'Two': 0,
          'Twp': 69.18255615234375,
          'adr': '2й Юго-Западный, 9'},
 '0211': {'Pgw': 2.9131146240234376,
          'Pwo': 3.076441345214844,
          'Pwp': 3.784425048828125,
          'Two': 60.65300750732422,
          'Twp': 70.90841674804688,
          'adr': 'Доваторцев, 86/3'},
 '2017': {'Pgw': 9.171221923828124,
          'Pwo': 2.9025204467773436,
          'Pwp': 5.602354736328125,
          'Two': 50.617950439453125,
          'Twp': 52.119834899902344,
          'adr': 'Р.Люксембург, 65'}}
|12.02.2025 12:30:45| [INFO]: ДАННЫЕ С БАЗЫ ДАННЫХ: [{'MAX(Dateizm)': datetime.date(2025, 12, 2),
  'Pgw': 0.0,
  'Pwo': 0.0,
  'Pwp': 0.0,
  'Two': 0.0,
  'Twp': 0.0,
  'idkot': '0014'},
 {'MAX(Dateizm)': datetime.date(2025, 12, 2),
  'Pgw': 3.1,
  'Pwo': 3.0,
  'Pwp': 3.1,
  'Two': 50.4,
  'Twp': 69.2,
  'idkot': '0021'},
 {'MAX(Dateizm)': datetime.date(2025, 12, 2),
  'Pgw': 4.7,
  'Pwo': 1.7,
  'Pwp': 2.5,
  'Two': 57.5,
  'Twp': 67.1,
  'idkot': '0024'},
 {'MAX(Dateizm)': datetime.date(2025, 12, 2),
  'Pgw': 3.7,
  'Pwo': 2.4,
  'Pwp': 3.7,
  'Two': 50.4,
  'Twp': 56.1,
  'idkot': '0037'},
 {'MAX(Dateizm)': datetime.date(2025, 12, 2),
  'Pgw': 3.4,
  'Pwo': 1.8,
  'Pwp': 2.5,
  'Two': 63.7,
  'Twp': 68.2,
  'idkot': '0048'},
 {'MAX(Dateizm)': datetime.date(2025, 12, 2),
  'Pgw': None,
  'Pwo': None,
  'Pwp': None,
  'Two': None,
  'Twp': None,
  'idkot': '0049'},
 {'MAX(Dateizm)': datetime.date(2025, 12, 2),
  'Pgw': 5.0,
  'Pwo': 2.2,
  'Pwp': 3.0,
  'Two': 58.5,
  'Twp': 67.2,
  'idkot': '0050'},
 {'MAX(Dateizm)': datetime.date(2025, 12, 2),
  'Pgw': 4.3,
  'Pwo': 1.0,
  'Pwp': 1.6,
  'Two': 65.3,
  'Twp': 73.7,
  'idkot': '0056'},
 {'MAX(Dateizm)': datetime.date(2025, 12, 2),
  'Pgw': None,
  'Pwo': 3.1,
  'Pwp': 4.5,
  'Two': 50.5,
  'Twp': 64.1,
  'idkot': '0060'},
 {'MAX(Dateizm)': datetime.date(2025, 12, 2),
  'Pgw': 2.7,
  'Pwo': 2.0,
  'Pwp': 3.1,
  'Two': 62.8,
  'Twp': 71.7,
  'idkot': '0063'},
 {'MAX(Dateizm)': datetime.date(2025, 12, 2),
  'Pgw': 3.9,
  'Pwo': 2.4,
  'Pwp': 3.2,
  'Two': 73.2,
  'Twp': 77.9,
  'idkot': '0064'},
 {'MAX(Dateizm)': datetime.date(2025, 12, 2),
  'Pgw': 1.6,
  'Pwo': 1.6,
  'Pwp': 3.6,
  'Two': 62.9,
  'Twp': 78.9,
  'idkot': '0065'},
 {'MAX(Dateizm)': datetime.date(2025, 12, 2),
  'Pgw': 3.0,
  'Pwo': 3.0,
  'Pwp': 3.5,
  'Two': 66.7,
  'Twp': 77.2,
  'idkot': '0067'},
 {'MAX(Dateizm)': datetime.date(2025, 12, 2),
  'Pgw': 3.8,
  'Pwo': 2.2,
  'Pwp': 3.3,
  'Two': 60.8,
  'Twp': 69.9,
  'idkot': '0068'},
 {'MAX(Dateizm)': datetime.date(2025, 12, 2),
  'Pgw': 0.0,
  'Pwo': 2.5,
  'Pwp': 3.6,
  'Two': 65.2,
  'Twp': 78.5,
  'idkot': '0072'},
 {'MAX(Dateizm)': datetime.date(2025, 12, 2),
  'Pgw': 3.2,
  'Pwo': 1.8,
  'Pwp': 3.7,
  'Two': 59.8,
  'Twp': 76.0,
  'idkot': '0073'},
 {'MAX(Dateizm)': datetime.date(2025, 12, 2),
  'Pgw': 3.3,
  'Pwo': 1.7,
  'Pwp': 3.6,
  'Two': 68.4,
  'Twp': 75.5,
  'idkot': '0074'},
 {'MAX(Dateizm)': datetime.date(2025, 12, 2),
  'Pgw': 3.5,
  'Pwo': 1.4,
  'Pwp': 2.3,
  'Two': 61.0,
  'Twp': 71.0,
  'idkot': '0075'},
 {'MAX(Dateizm)': datetime.date(2025, 12, 2),
  'Pgw': 3.7,
  'Pwo': 2.1,
  'Pwp': 3.2,
  'Two': 60.1,
  'Twp': 68.1,
  'idkot': '0076'},
 {'MAX(Dateizm)': datetime.date(2025, 12, 2),
  'Pgw': 6.0,
  'Pwo': 1.7,
  'Pwp': 2.5,
  'Two': 64.3,
  'Twp': 79.2,
  'idkot': '0079'},
 {'MAX(Dateizm)': datetime.date(2025, 12, 2),
  'Pgw': 4.4,
  'Pwo': 2.3,
  'Pwp': 2.9,
  'Two': 63.5,
  'Twp': 73.6,
  'idkot': '0081'},
 {'MAX(Dateizm)': datetime.date(2025, 12, 2),
  'Pgw': 0.0,
  'Pwo': 0.0,
  'Pwp': 0.0,
  'Two': 0.0,
  'Twp': 0.0,
  'idkot': '0090'},
 {'MAX(Dateizm)': datetime.date(2025, 12, 2),
  'Pgw': None,
  'Pwo': None,
  'Pwp': None,
  'Two': None,
  'Twp': 64.3,
  'idkot': '0099'},
 {'MAX(Dateizm)': datetime.date(2025, 12, 2),
  'Pgw': None,
  'Pwo': None,
  'Pwp': None,
  'Two': None,
  'Twp': 72.1,
  'idkot': '0100'},
 {'MAX(Dateizm)': datetime.date(2025, 12, 2),
  'Pgw': 4.9,
  'Pwo': 2.9,
  'Pwp': 4.4,
  'Two': 58.2,
  'Twp': 75.5,
  'idkot': '0102'},
 {'MAX(Dateizm)': datetime.date(2025, 12, 2),
  'Pgw': None,
  'Pwo': 2.5,
  'Pwp': 2.9,
  'Two': None,
  'Twp': 78.0,
  'idkot': '0103'},
 {'MAX(Dateizm)': datetime.date(2025, 12, 2),
  'Pgw': 3.2,
  'Pwo': 2.2,
  'Pwp': 2.6,
  'Two': 58.8,
  'Twp': 64.7,
  'idkot': '0107'},
 {'MAX(Dateizm)': datetime.date(2025, 11, 26),
  'Pgw': 1.4,
  'Pwo': 1.2,
  'Pwp': 2.4,
  'Two': 56.3,
  'Twp': 65.6,
  'idkot': '0110'},
 {'MAX(Dateizm)': datetime.date(2025, 12, 2),
  'Pgw': 3.6,
  'Pwo': 2.5,
  'Pwp': 2.9,
  'Two': 55.7,
  'Twp': 66.8,
  'idkot': '0111'},
 {'MAX(Dateizm)': datetime.date(2025, 12, 2),
  'Pgw': None,
  'Pwo': None,
  'Pwp': None,
  'Two': None,
  'Twp': None,
  'idkot': '0116'},
 {'MAX(Dateizm)': datetime.date(2025, 12, 2),
  'Pgw': 3.4,
  'Pwo': 3.9,
  'Pwp': 4.6,
  'Two': 66.0,
  'Twp': 74.6,
  'idkot': '0211'},
 {'MAX(Dateizm)': datetime.date(2025, 12, 2),
  'Pgw': 9.7,
  'Pwo': 2.7,
  'Pwp': 5.3,
  'Two': 53.3,
  'Twp': 62.6,
  'idkot': '2017'}]
|12.02.2025 12:30:45| [ERROR]: ⛔️ Нет связи с OPC для Старомарьевское, 3 (idkot=0110) — Будет пропущена
|12.02.2025 12:30:45| [INFO]: ДАННЫЕ КОТОРЫЕ ИДУТ В БАЗУ ДАННЫХ: {'0014': {'Pgw': 1.62,
          'Pwo': 2.18,
          'Pwp': 2.99,
          'Two': 26.29,
          'Twp': 33.35,
          'adr': '8 марта, 164Б'},
 '0021': {'Pgw': 3.03,
          'Pwo': 3.14,
          'Pwp': 3.85,
          'Two': 49.51,
          'Twp': 66.75,
          'adr': 'Пушкина, 65'},
 '0024': {'Pgw': 4.62,
          'Pwo': 1.34,
          'Pwp': 2.62,
          'Two': 49.98,
          'Twp': 56.85,
          'adr': 'Объездная, 31'},
 '0037': {'Pgw': 1.9,
          'Pwo': 1.24,
          'Pwp': 1.9,
          'Two': 30.8,
          'Twp': 34.22,
          'adr': 'Балакирева, 5'},
 '0048': {'Pgw': 3.88,
          'Pwo': 2.06,
          'Pwp': 2.78,
          'Two': 60.54,
          'Twp': 68.1,
          'adr': 'Фрунзе, 2'},
 '0049': {'Pgw': 0.05,
          'Pwo': 0.02,
          'Pwp': 0.03,
          'Two': 64.94,
          'Twp': 72.64,
          'adr': 'Октябрьская, 159'},
 '0050': {'Pgw': 4.84,
          'Pwo': 2.31,
          'Pwp': 3.33,
          'Two': 48.43,
          'Twp': 55.9,
          'adr': 'Октябрьская, 66'},
 '0056': {'Pgw': 3.69,
          'Pwo': 1.6,
          'Pwp': 2.33,
          'Two': 58.85,
          'Twp': 65.37,
          'adr': 'Дзержинского, 161'},
 '0060': {'Pgw': 0.0,
          'Pwo': 1.55,
          'Pwp': 2.25,
          'Two': 52.58,
          'Twp': 66.78,
          'adr': 'Чапаева, 4'},
 '0063': {'Pgw': 3.25,
          'Pwo': 2.16,
          'Pwp': 3.07,
          'Two': 60.75,
          'Twp': 68.81,
          'adr': 'Балахонова, 13'},
 '0064': {'Pgw': 1.96,
          'Pwo': 1.21,
          'Pwp': 1.62,
          'Two': 62.74,
          'Twp': 70.53,
          'adr': 'Голенева, 46'},
 '0065': {'Pgw': 0.82,
          'Pwo': 0.81,
          'Pwp': 1.82,
          'Two': 57.1,
          'Twp': 70.27,
          'adr': 'Краснофлотская 187'},
 '0067': {'Pgw': 2.94,
          'Pwo': 2.66,
          'Pwp': 3.5,
          'Two': 61.19,
          'Twp': 72.54,
          'adr': 'Пономарева 5'},
 '0068': {'Pgw': 3.68,
          'Pwo': 1.97,
          'Pwp': 2.95,
          'Two': 55.9,
          'Twp': 66.91,
          'adr': 'Шпаковская 85'},
 '0072': {'Pgw': 0.02,
          'Pwo': 1.26,
          'Pwp': 1.82,
          'Two': 53.34,
          'Twp': 59.95,
          'adr': 'К. Маркса, 65'},
 '0073': {'Pgw': 1.59,
          'Pwo': 0.91,
          'Pwp': 1.87,
          'Two': 50.66,
          'Twp': 61.74,
          'adr': 'К. Маркса, 77'},
 '0074': {'Pgw': 3.58,
          'Pwo': 2.18,
          'Pwp': 3.76,
          'Two': 54.76,
          'Twp': 62.78,
          'adr': 'Фрунзе, 8'},
 '0075': {'Pgw': 3.87,
          'Pwo': 1.64,
          'Pwp': 2.34,
          'Two': 53.06,
          'Twp': 60.78,
          'adr': 'Голенева, 6а'},
 '0076': {'Pgw': 3.56,
          'Pwo': 2.52,
          'Pwp': 3.42,
          'Two': 52.42,
          'Twp': 59.13,
          'adr': 'Серова, 451'},
 '0079': {'Pgw': 3.97,
          'Pwo': 1.75,
          'Pwp': 2.63,
          'Two': 55.19,
          'Twp': 65.03,
          'adr': 'Гоголя, 36'},
 '0081': {'Pgw': 3.87,
          'Pwo': 2.1,
          'Pwp': 2.93,
          'Two': 58.2,
          'Twp': 69.27,
          'adr': 'Воронежская, 14'},
 '0090': {'Pgw': 0.03,
          'Pwo': 0.01,
          'Pwp': 0.02,
          'Two': 23.1,
          'Twp': 26.52,
          'adr': 'Селекционная станция 3'},
 '0099': {'Pgw': -0.0,
          'Pwo': 1.35,
          'Pwp': 2.55,
          'Two': 58.48,
          'Twp': 65.36,
          'adr': 'Завокзальная, 33а к.А'},
 '0100': {'Pgw': 0.0,
          'Pwo': 0.0,
          'Pwp': 0.02,
          'Two': 55.04,
          'Twp': 72.1,
          'adr': 'Завокзальная, 33а к.Б'},
 '0102': {'Pgw': 4.79,
          'Pwo': 2.95,
          'Pwp': 4.74,
          'Two': 52.49,
          'Twp': 70.36,
          'adr': 'Партизанская, 1г'},
 '0103': {'Pgw': 0.0,
          'Pwo': 1.25,
          'Pwp': 1.45,
          'Two': 0.0,
          'Twp': 70.49,
          'adr': 'Старомарьевское, 7'},
 '0107': {'Pgw': 3.83,
          'Pwo': 2.17,
          'Pwp': 2.57,
          'Two': 51.15,
          'Twp': 57.47,
          'adr': 'Абрамовой, 2'},
 '0111': {'Pgw': 3.77,
          'Pwo': 2.66,
          'Pwp': 3.48,
          'Two': 59.02,
          'Twp': 66.31,
          'adr': '4-я Промышленная, 3'},
 '0116': {'Pgw': 0.0,
          'Pwo': 0.0,
          'Pwp': 0.03,
          'Two': 0.0,
          'Twp': 69.18,
          'adr': '2й Юго-Западный, 9'},
 '0211': {'Pgw': 3.16,
          'Pwo': 3.49,
          'Pwp': 4.19,
          'Two': 63.33,
          'Twp': 72.75,
          'adr': 'Доваторцев, 86/3'},
 '2017': {'Pgw': 9.44,
          'Pwo': 2.8,
          'Pwp': 5.45,
          'Two': 51.96,
          'Twp': 57.36,
          'adr': 'Р.Люксембург, 65'}}
|12.02.2025 12:30:54| [INFO]: ✅ Все данные за 2025-12-02 успешно обработаны
|12.02.2025 12:30:54| [INFO]: Опрос завершен
|12.02.2025 13:00:54| [INFO]: Начала опроса
|12.02.2025 13:01:14| [INFO]: ДАННЫЕ С OPC: {'0014': {'Pgw': 3.269749755859375,
          'Pwo': 4.143919067382813,
          'Pwp': 5.746716918945313,
          'Two': 52.280616760253906,
          'Twp': 67.31160736083984,
          'adr': '8 марта, 164Б'},
 '0021': {'Pgw': 3.046122741699219,
          'Pwo': 3.2556216430664064,
          'Pwp': 4.599985046386719,
          'Two': 48.739013671875,
          'Twp': 64.55267333984375,
          'adr': 'Пушкина, 65'},
 '0024': {'Pgw': 4.674637756347656,
          'Pwo': 0.9828137969970703,
          'Pwp': 2.7428207397460938,
          'Two': 41.66754913330078,
          'Twp': 43.26360321044922,
          'adr': 'Объездная, 31'},
 '0037': {'Pgw': 0.09614882469177247,
          'Pwo': 0.07638216972351074,
          'Pwp': 0.09319299697875977,
          'Two': 11.163732528686523,
          'Twp': 12.344882011413574,
          'adr': 'Балакирева, 5'},
 '0044': {'Pgw': 0.0,
          'Pwo': 0.0,
          'Pwp': 0.0,
          'Two': 0,
          'Twp': 0,
          'adr': 'Бабушкина, 2В'},
 '0048': {'Pgw': 4.3888916015625,
          'Pwo': 2.306702880859375,
          'Pwp': 3.053486633300781,
          'Two': 58.375404357910156,
          'Twp': 61.406524658203125,
          'adr': 'Фрунзе, 2'},
 '0049': {'Pgw': 0.05061634063720703,
          'Pwo': 0.018273119926452638,
          'Pwp': 0.024876770973205568,
          'Two': 62.44480895996094,
          'Twp': 66.36503601074219,
          'adr': 'Октябрьская, 159'},
 '0050': {'Pgw': 4.588208312988281,
          'Pwo': 2.4304241943359375,
          'Pwp': 3.699722900390625,
          'Two': 39.02019500732422,
          'Twp': 44.95600891113281,
          'adr': 'Октябрьская, 66'},
 '0055': {'Pgw': 0.02456712007522583,
          'Pwo': 0.023759069442749022,
          'Pwp': 0.03613373994827271,
          'Two': 0,
          'Twp': 68.42626953125,
          'adr': 'Репина, 146'},
 '0056': {'Pgw': 2.978210754394531,
          'Pwo': 2.23147705078125,
          'Pwp': 3.0897393798828126,
          'Two': 52.23273468017578,
          'Twp': 56.97673034667969,
          'adr': 'Дзержинского, 161'},
 '0060': {'Pgw': 0.0,
          'Pwo': 0.003507080078125,
          'Pwp': 0.004888840019702911,
          'Two': 54.70729064941406,
          'Twp': 68.08573913574219,
          'adr': 'Чапаева, 4'},
 '0063': {'Pgw': 3.726553955078125,
          'Pwo': 2.323331756591797,
          'Pwp': 3.0361392211914064,
          'Two': 58.701377868652344,
          'Twp': 66.00969696044922,
          'adr': 'Балахонова, 13'},
 '0064': {'Pgw': 0.015600739717483521,
          'Pwo': 0.02293100118637085,
          'Pwp': 0.03222706079483032,
          'Two': 52.26767349243164,
          'Twp': 63.044227600097656,
          'adr': 'Голенева, 46'},
 '0065': {'Pgw': 0.037807719707489015,
          'Pwo': 0.01709975004196167,
          'Pwp': 0.031408801078796386,
          'Two': 51.06536865234375,
          'Twp': 71.5872802734375,
          'adr': 'Краснофлотская 187'},
 '0067': {'Pgw': 2.693734436035156,
          'Pwo': 2.291285095214844,
          'Pwp': 3.464998779296875,
          'Two': 55.62816619873047,
          'Twp': 66.69892120361328,
          'adr': 'Пономарева 5'},
 '0068': {'Pgw': 3.5467388916015623,
          'Pwo': 1.7474526977539062,
          'Pwp': 2.62697998046875,
          'Two': 50.99454879760742,
          'Twp': 63.313507080078125,
          'adr': 'Шпаковская 85'},
 '0072': {'Pgw': 0.037669270038604735,
          'Pwo': 0.026635429859161376,
          'Pwp': 0.03736069917678833,
          'Two': 41.65364074707031,
          'Twp': 49.955989837646484,
          'adr': 'К. Маркса, 65'},
 '0073': {'Pgw': -0.02,
          'Pwo': 0.023814918994903563,
          'Pwp': 0.03710448980331421,
          'Two': 41.52048110961914,
          'Twp': 47.57059097290039,
          'adr': 'К. Маркса, 77'},
 '0074': {'Pgw': 3.875885009765625,
          'Pwo': 2.7672348022460938,
          'Pwp': 4.115581665039063,
          'Two': 41.01375961303711,
          'Twp': 49.475128173828125,
          'adr': 'Фрунзе, 8'},
 '0075': {'Pgw': 4.262789001464844,
          'Pwo': 1.867091064453125,
          'Pwp': 2.3744252014160154,
          'Two': 45.01322937011719,
          'Twp': 48.877227783203125,
          'adr': 'Голенева, 6а'},
 '0076': {'Pgw': 3.582659912109375,
          'Pwo': 2.8944210815429687,
          'Pwp': 3.6014276123046876,
          'Two': 44.748321533203125,
          'Twp': 48.31990051269531,
          'adr': 'Серова, 451'},
 '0079': {'Pgw': 1.9679266357421874,
          'Pwo': 1.8669503784179688,
          'Pwp': 2.804046325683594,
          'Two': 46.047393798828125,
          'Twp': 50.117530822753906,
          'adr': 'Гоголя, 36'},
 '0081': {'Pgw': 3.309742736816406,
          'Pwo': 1.813665008544922,
          'Pwp': 2.8670513916015623,
          'Two': 52.9171142578125,
          'Twp': 63.092247009277344,
          'adr': 'Воронежская, 14'},
 '0090': {'Pgw': 0.06851038932800294,
          'Pwo': 0.021368000507354736,
          'Pwp': 0.033370380401611326,
          'Two': 46.204498291015625,
          'Twp': 53.09140396118164,
          'adr': 'Селекционная станция 3'},
 '0099': {'Pgw': 0.016959760189056396,
          'Pwo': 1.3542491149902345,
          'Pwp': 2.448912811279297,
          'Two': 58.25310516357422,
          'Twp': 66.09676361083984,
          'adr': 'Завокзальная, 33а к.А'},
 '0100': {'Pgw': 0.0,
          'Pwo': 0.0,
          'Pwp': 0.022452330589294432,
          'Two': 55.16191482543945,
          'Twp': 0,
          'adr': 'Завокзальная, 33а к.Б'},
 '0102': {'Pgw': 4.596718444824218,
          'Pwo': 2.976778869628906,
          'Pwp': 4.937891845703125,
          'Two': 47.13727951049805,
          'Twp': 64.73485565185547,
          'adr': 'Партизанская, 1г'},
 '0103': {'Pgw': 0.0,
          'Pwo': 0.0021209999918937682,
          'Pwp': 0.002473980039358139,
          'Two': 0,
          'Twp': 66.10157775878906,
          'adr': 'Старомарьевское, 7'},
 '0107': {'Pgw': 4.436809387207031,
          'Pwo': 2.1324005126953125,
          'Pwp': 2.543673400878906,
          'Two': 43.68712615966797,
          'Twp': 49.18273162841797,
          'adr': 'Абрамовой, 2'},
 '0110': {'Pgw': 0.0,
          'Pwo': 0.0,
          'Pwp': 0.0,
          'Two': 0,
          'Twp': 0,
          'adr': 'Старомарьевское, 3'},
 '0111': {'Pgw': 3.9089474487304687,
          'Pwo': 2.8509808349609376,
          'Pwp': 4.07714111328125,
          'Two': 61.087120056152344,
          'Twp': 68.7756118774414,
          'adr': '4-я Промышленная, 3'},
 '0116': {'Pgw': 0.0,
          'Pwo': 0.0,
          'Pwp': 0.026342909336090087,
          'Two': 0,
          'Twp': 65.96304321289062,
          'adr': '2й Юго-Западный, 9'},
 '0211': {'Pgw': 2.9494927978515624,
          'Pwo': 3.0861224365234374,
          'Pwp': 3.7966354370117186,
          'Two': 60.83866882324219,
          'Twp': 70.62237548828125,
          'adr': 'Доваторцев, 86/3'},
 '2017': {'Pgw': 9.356185913085938,
          'Pwo': 2.9364382934570314,
          'Pwp': 5.594207153320313,
          'Two': 50.617950439453125,
          'Twp': 52.41008758544922,
          'adr': 'Р.Люксембург, 65'}}
|12.02.2025 13:01:14| [INFO]: ДАННЫЕ С БАЗЫ ДАННЫХ: [{'MAX(Dateizm)': datetime.date(2025, 12, 2),
  'Pgw': 0.0,
  'Pwo': 0.0,
  'Pwp': 0.0,
  'Two': 0.0,
  'Twp': 0.0,
  'idkot': '0014'},
 {'MAX(Dateizm)': datetime.date(2025, 12, 2),
  'Pgw': 3.1,
  'Pwo': 3.0,
  'Pwp': 3.1,
  'Two': 50.4,
  'Twp': 69.2,
  'idkot': '0021'},
 {'MAX(Dateizm)': datetime.date(2025, 12, 2),
  'Pgw': 4.7,
  'Pwo': 1.7,
  'Pwp': 2.5,
  'Two': 57.5,
  'Twp': 67.1,
  'idkot': '0024'},
 {'MAX(Dateizm)': datetime.date(2025, 12, 2),
  'Pgw': 3.7,
  'Pwo': 2.4,
  'Pwp': 3.7,
  'Two': 50.4,
  'Twp': 56.1,
  'idkot': '0037'},
 {'MAX(Dateizm)': datetime.date(2025, 12, 2),
  'Pgw': 3.4,
  'Pwo': 1.8,
  'Pwp': 2.5,
  'Two': 63.7,
  'Twp': 68.2,
  'idkot': '0048'},
 {'MAX(Dateizm)': datetime.date(2025, 12, 2),
  'Pgw': None,
  'Pwo': None,
  'Pwp': None,
  'Two': None,
  'Twp': None,
  'idkot': '0049'},
 {'MAX(Dateizm)': datetime.date(2025, 12, 2),
  'Pgw': 5.0,
  'Pwo': 2.2,
  'Pwp': 3.0,
  'Two': 58.5,
  'Twp': 67.2,
  'idkot': '0050'},
 {'MAX(Dateizm)': datetime.date(2025, 12, 2),
  'Pgw': 4.3,
  'Pwo': 1.0,
  'Pwp': 1.6,
  'Two': 65.3,
  'Twp': 73.7,
  'idkot': '0056'},
 {'MAX(Dateizm)': datetime.date(2025, 12, 2),
  'Pgw': None,
  'Pwo': 3.1,
  'Pwp': 4.5,
  'Two': 50.5,
  'Twp': 64.1,
  'idkot': '0060'},
 {'MAX(Dateizm)': datetime.date(2025, 12, 2),
  'Pgw': 2.7,
  'Pwo': 2.0,
  'Pwp': 3.1,
  'Two': 62.8,
  'Twp': 71.7,
  'idkot': '0063'},
 {'MAX(Dateizm)': datetime.date(2025, 12, 2),
  'Pgw': 3.9,
  'Pwo': 2.4,
  'Pwp': 3.2,
  'Two': 73.2,
  'Twp': 77.9,
  'idkot': '0064'},
 {'MAX(Dateizm)': datetime.date(2025, 12, 2),
  'Pgw': 1.6,
  'Pwo': 1.6,
  'Pwp': 3.6,
  'Two': 62.9,
  'Twp': 78.9,
  'idkot': '0065'},
 {'MAX(Dateizm)': datetime.date(2025, 12, 2),
  'Pgw': 3.0,
  'Pwo': 3.0,
  'Pwp': 3.5,
  'Two': 66.7,
  'Twp': 77.2,
  'idkot': '0067'},
 {'MAX(Dateizm)': datetime.date(2025, 12, 2),
  'Pgw': 3.8,
  'Pwo': 2.2,
  'Pwp': 3.3,
  'Two': 60.8,
  'Twp': 69.9,
  'idkot': '0068'},
 {'MAX(Dateizm)': datetime.date(2025, 12, 2),
  'Pgw': 0.0,
  'Pwo': 2.5,
  'Pwp': 3.6,
  'Two': 65.2,
  'Twp': 78.5,
  'idkot': '0072'},
 {'MAX(Dateizm)': datetime.date(2025, 12, 2),
  'Pgw': 3.2,
  'Pwo': 1.8,
  'Pwp': 3.7,
  'Two': 59.8,
  'Twp': 76.0,
  'idkot': '0073'},
 {'MAX(Dateizm)': datetime.date(2025, 12, 2),
  'Pgw': 3.3,
  'Pwo': 1.7,
  'Pwp': 3.6,
  'Two': 68.4,
  'Twp': 75.5,
  'idkot': '0074'},
 {'MAX(Dateizm)': datetime.date(2025, 12, 2),
  'Pgw': 3.5,
  'Pwo': 1.4,
  'Pwp': 2.3,
  'Two': 61.0,
  'Twp': 71.0,
  'idkot': '0075'},
 {'MAX(Dateizm)': datetime.date(2025, 12, 2),
  'Pgw': 3.7,
  'Pwo': 2.1,
  'Pwp': 3.2,
  'Two': 60.1,
  'Twp': 68.1,
  'idkot': '0076'},
 {'MAX(Dateizm)': datetime.date(2025, 12, 2),
  'Pgw': 6.0,
  'Pwo': 1.7,
  'Pwp': 2.5,
  'Two': 64.3,
  'Twp': 79.2,
  'idkot': '0079'},
 {'MAX(Dateizm)': datetime.date(2025, 12, 2),
  'Pgw': 4.4,
  'Pwo': 2.3,
  'Pwp': 2.9,
  'Two': 63.5,
  'Twp': 73.6,
  'idkot': '0081'},
 {'MAX(Dateizm)': datetime.date(2025, 12, 2),
  'Pgw': 0.0,
  'Pwo': 0.0,
  'Pwp': 0.0,
  'Two': 0.0,
  'Twp': 0.0,
  'idkot': '0090'},
 {'MAX(Dateizm)': datetime.date(2025, 12, 2),
  'Pgw': None,
  'Pwo': None,
  'Pwp': None,
  'Two': None,
  'Twp': 64.3,
  'idkot': '0099'},
 {'MAX(Dateizm)': datetime.date(2025, 12, 2),
  'Pgw': None,
  'Pwo': None,
  'Pwp': None,
  'Two': None,
  'Twp': 72.1,
  'idkot': '0100'},
 {'MAX(Dateizm)': datetime.date(2025, 12, 2),
  'Pgw': 4.9,
  'Pwo': 2.9,
  'Pwp': 4.4,
  'Two': 58.2,
  'Twp': 75.5,
  'idkot': '0102'},
 {'MAX(Dateizm)': datetime.date(2025, 12, 2),
  'Pgw': None,
  'Pwo': 2.5,
  'Pwp': 2.9,
  'Two': None,
  'Twp': 78.0,
  'idkot': '0103'},
 {'MAX(Dateizm)': datetime.date(2025, 12, 2),
  'Pgw': 3.2,
  'Pwo': 2.2,
  'Pwp': 2.6,
  'Two': 58.8,
  'Twp': 64.7,
  'idkot': '0107'},
 {'MAX(Dateizm)': datetime.date(2025, 11, 26),
  'Pgw': 1.4,
  'Pwo': 1.2,
  'Pwp': 2.4,
  'Two': 56.3,
  'Twp': 65.6,
  'idkot': '0110'},
 {'MAX(Dateizm)': datetime.date(2025, 12, 2),
  'Pgw': 3.6,
  'Pwo': 2.5,
  'Pwp': 2.9,
  'Two': 55.7,
  'Twp': 66.8,
  'idkot': '0111'},
 {'MAX(Dateizm)': datetime.date(2025, 12, 2),
  'Pgw': None,
  'Pwo': None,
  'Pwp': None,
  'Two': None,
  'Twp': None,
  'idkot': '0116'},
 {'MAX(Dateizm)': datetime.date(2025, 12, 2),
  'Pgw': 3.4,
  'Pwo': 3.9,
  'Pwp': 4.6,
  'Two': 66.0,
  'Twp': 74.6,
  'idkot': '0211'},
 {'MAX(Dateizm)': datetime.date(2025, 12, 2),
  'Pgw': 9.7,
  'Pwo': 2.7,
  'Pwp': 5.3,
  'Two': 53.3,
  'Twp': 62.6,
  'idkot': '2017'}]
|12.02.2025 13:01:14| [ERROR]: ⛔️ Нет связи с OPC для Старомарьевское, 3 (idkot=0110) — Будет пропущена
|12.02.2025 13:01:14| [INFO]: ДАННЫЕ КОТОРЫЕ ИДУТ В БАЗУ ДАННЫХ: {'0014': {'Pgw': 1.63,
          'Pwo': 2.07,
          'Pwp': 2.87,
          'Two': 26.14,
          'Twp': 33.66,
          'adr': '8 марта, 164Б'},
 '0021': {'Pgw': 3.07,
          'Pwo': 3.13,
          'Pwp': 3.85,
          'Two': 49.57,
          'Twp': 66.88,
          'adr': 'Пушкина, 65'},
 '0024': {'Pgw': 4.69,
          'Pwo': 1.34,
          'Pwp': 2.62,
          'Two': 49.58,
          'Twp': 55.18,
          'adr': 'Объездная, 31'},
 '0037': {'Pgw': 1.9,
          'Pwo': 1.24,
          'Pwp': 1.9,
          'Two': 30.78,
          'Twp': 34.22,
          'adr': 'Балакирева, 5'},
 '0048': {'Pgw': 3.89,
          'Pwo': 2.05,
          'Pwp': 2.78,
          'Two': 61.04,
          'Twp': 64.8,
          'adr': 'Фрунзе, 2'},
 '0049': {'Pgw': 0.05,
          'Pwo': 0.02,
          'Pwp': 0.02,
          'Two': 62.44,
          'Twp': 66.37,
          'adr': 'Октябрьская, 159'},
 '0050': {'Pgw': 4.79,
          'Pwo': 2.32,
          'Pwp': 3.35,
          'Two': 48.76,
          'Twp': 56.08,
          'adr': 'Октябрьская, 66'},
 '0056': {'Pgw': 3.64,
          'Pwo': 1.62,
          'Pwp': 2.34,
          'Two': 58.77,
          'Twp': 65.34,
          'adr': 'Дзержинского, 161'},
 '0060': {'Pgw': 0.0,
          'Pwo': 1.55,
          'Pwp': 2.25,
          'Two': 52.6,
          'Twp': 66.09,
          'adr': 'Чапаева, 4'},
 '0063': {'Pgw': 3.21,
          'Pwo': 2.16,
          'Pwp': 3.07,
          'Two': 60.75,
          'Twp': 68.85,
          'adr': 'Балахонова, 13'},
 '0064': {'Pgw': 1.96,
          'Pwo': 1.21,
          'Pwp': 1.62,
          'Two': 62.73,
          'Twp': 70.47,
          'adr': 'Голенева, 46'},
 '0065': {'Pgw': 0.82,
          'Pwo': 0.81,
          'Pwp': 1.82,
          'Two': 56.98,
          'Twp': 75.24,
          'adr': 'Краснофлотская 187'},
 '0067': {'Pgw': 2.85,
          'Pwo': 2.65,
          'Pwp': 3.48,
          'Two': 61.16,
          'Twp': 71.95,
          'adr': 'Пономарева 5'},
 '0068': {'Pgw': 3.67,
          'Pwo': 1.97,
          'Pwp': 2.96,
          'Two': 55.9,
          'Twp': 66.61,
          'adr': 'Шпаковская 85'},
 '0072': {'Pgw': 0.02,
          'Pwo': 1.26,
          'Pwp': 1.82,
          'Two': 53.43,
          'Twp': 64.23,
          'adr': 'К. Маркса, 65'},
 '0073': {'Pgw': 1.59,
          'Pwo': 0.91,
          'Pwp': 1.87,
          'Two': 50.66,
          'Twp': 61.79,
          'adr': 'К. Маркса, 77'},
 '0074': {'Pgw': 3.59,
          'Pwo': 2.23,
          'Pwp': 3.86,
          'Two': 54.71,
          'Twp': 62.49,
          'adr': 'Фрунзе, 8'},
 '0075': {'Pgw': 3.88,
          'Pwo': 1.63,
          'Pwp': 2.34,
          'Two': 53.01,
          'Twp': 59.94,
          'adr': 'Голенева, 6а'},
 '0076': {'Pgw': 3.64,
          'Pwo': 2.5,
          'Pwp': 3.4,
          'Two': 52.42,
          'Twp': 58.21,
          'adr': 'Серова, 451'},
 '0079': {'Pgw': 3.98,
          'Pwo': 1.78,
          'Pwp': 2.65,
          'Two': 55.17,
          'Twp': 64.66,
          'adr': 'Гоголя, 36'},
 '0081': {'Pgw': 3.85,
          'Pwo': 2.06,
          'Pwp': 2.88,
          'Two': 58.21,
          'Twp': 68.35,
          'adr': 'Воронежская, 14'},
 '0090': {'Pgw': 0.03,
          'Pwo': 0.01,
          'Pwp': 0.02,
          'Two': 23.1,
          'Twp': 26.55,
          'adr': 'Селекционная станция 3'},
 '0099': {'Pgw': 0.02,
          'Pwo': 1.35,
          'Pwp': 2.45,
          'Two': 58.25,
          'Twp': 65.2,
          'adr': 'Завокзальная, 33а к.А'},
 '0100': {'Pgw': 0.0,
          'Pwo': 0.0,
          'Pwp': 0.02,
          'Two': 55.16,
          'Twp': 72.1,
          'adr': 'Завокзальная, 33а к.Б'},
 '0102': {'Pgw': 4.75,
          'Pwo': 2.94,
          'Pwp': 4.67,
          'Two': 52.67,
          'Twp': 70.12,
          'adr': 'Партизанская, 1г'},
 '0103': {'Pgw': 0.0,
          'Pwo': 1.25,
          'Pwp': 1.45,
          'Two': 0.0,
          'Twp': 72.05,
          'adr': 'Старомарьевское, 7'},
 '0107': {'Pgw': 3.82,
          'Pwo': 2.17,
          'Pwp': 2.57,
          'Two': 51.24,
          'Twp': 56.94,
          'adr': 'Абрамовой, 2'},
 '0111': {'Pgw': 3.75,
          'Pwo': 2.68,
          'Pwp': 3.49,
          'Two': 58.39,
          'Twp': 67.79,
          'adr': '4-я Промышленная, 3'},
 '0116': {'Pgw': 0.0,
          'Pwo': 0.0,
          'Pwp': 0.03,
          'Two': 0.0,
          'Twp': 65.96,
          'adr': '2й Юго-Западный, 9'},
 '0211': {'Pgw': 3.17,
          'Pwo': 3.49,
          'Pwp': 4.2,
          'Two': 63.42,
          'Twp': 72.61,
          'adr': 'Доваторцев, 86/3'},
 '2017': {'Pgw': 9.53,
          'Pwo': 2.82,
          'Pwp': 5.45,
          'Two': 51.96,
          'Twp': 57.51,
          'adr': 'Р.Люксембург, 65'}}
|12.02.2025 13:01:24| [INFO]: ✅ Все данные за 2025-12-02 успешно обработаны
|12.02.2025 13:01:24| [INFO]: Опрос завершен
|12.02.2025 13:31:24| [INFO]: Начала опроса
|12.02.2025 13:31:44| [INFO]: ДАННЫЕ С OPC: {'0014': {'Pgw': 3.1855905151367185,
          'Pwo': 4.427241516113281,
          'Pwp': 6.021624145507812,
          'Two': 52.44977951049805,
          'Twp': 67.4969253540039,
          'adr': '8 марта, 164Б'},
 '0021': {'Pgw': 3.095028991699219,
          'Pwo': 3.311026306152344,
          'Pwp': 4.650399780273437,
          'Two': 48.391944885253906,
          'Twp': 64.30736541748047,
          'adr': 'Пушкина, 65'},
 '0024': {'Pgw': 4.600000610351563,
          'Pwo': 0.9767186737060547,
          'Pwp': 2.71698974609375,
          'Two': 41.88579559326172,
          'Twp': 44.57914733886719,
          'adr': 'Объездная, 31'},
 '0037': {'Pgw': 0.09545020103454589,
          'Pwo': 0.07606396198272705,
          'Pwp': 0.09200347900390625,
          'Two': 11.196125984191895,
          'Twp': 12.324246406555176,
          'adr': 'Балакирева, 5'},
 '0044': {'Pgw': 0.0,
          'Pwo': 0.0,
          'Pwp': 0.0,
          'Two': 0,
          'Twp': 0,
          'adr': 'Бабушкина, 2В'},
 '0048': {'Pgw': 4.107399597167968,
          'Pwo': 2.348744659423828,
          'Pwp': 3.0527777099609374,
          'Two': 58.26719284057617,
          'Twp': 67.11277770996094,
          'adr': 'Фрунзе, 2'},
 '0049': {'Pgw': 0.04786706924438477,
          'Pwo': 0.01843369960784912,
          'Pwp': 0.02495816946029663,
          'Two': 64.07369995117188,
          'Twp': 71.76435852050781,
          'adr': 'Октябрьская, 159'},
 '0050': {'Pgw': 4.596406860351562,
          'Pwo': 2.4613539123535157,
          'Pwp': 3.7220538330078123,
          'Two': 39.217681884765625,
          'Twp': 45.44532012939453,
          'adr': 'Октябрьская, 66'},
 '0055': {'Pgw': 0.024973781108856202,
          'Pwo': 0.0232857608795166,
          'Pwp': 0.0360824203491211,
          'Two': 0,
          'Twp': 68.99075317382812,
          'adr': 'Репина, 146'},
 '0056': {'Pgw': 3.172725830078125,
          'Pwo': 2.2323814392089845,
          'Pwp': 3.0677505493164063,
          'Two': 52.22148132324219,
          'Twp': 57.02294158935547,
          'adr': 'Дзержинского, 161'},
 '0060': {'Pgw': 0.0,
          'Pwo': 0.0033789899945259093,
          'Pwp': 0.004607970118522644,
          'Two': 54.32414245605469,
          'Twp': 68.65177917480469,
          'adr': 'Чапаева, 4'},
 '0063': {'Pgw': 3.5794873046875,
          'Pwo': 2.3142428588867188,
          'Pwp': 3.028814697265625,
          'Two': 58.8719367980957,
          'Twp': 65.2408218383789,
          'adr': 'Балахонова, 13'},
 '0064': {'Pgw': 0.020113439559936525,
          'Pwo': 0.023042399883270264,
          'Pwp': 0.03238337993621826,
          'Two': 52.33844757080078,
          'Twp': 63.095550537109375,
          'adr': 'Голенева, 46'},
 '0065': {'Pgw': 0.037502129077911374,
          'Pwo': 0.017011549472808838,
          'Pwp': 0.03131777048110962,
          'Two': 51.360172271728516,
          'Twp': 60.41877746582031,
          'adr': 'Краснофлотская 187'},
 '0067': {'Pgw': 3.0563308715820314,
          'Pwo': 2.289059753417969,
          'Pwp': 3.48694580078125,
          'Two': 55.337646484375,
          'Twp': 67.31377410888672,
          'adr': 'Пономарева 5'},
 '0068': {'Pgw': 3.540372619628906,
          'Pwo': 1.7495401000976563,
          'Pwp': 2.6144427490234374,
          'Two': 50.800872802734375,
          'Twp': 64.59053802490234,
          'adr': 'Шпаковская 85'},
 '0072': {'Pgw': 0.03680998086929321,
          'Pwo': 0.026562581062316893,
          'Pwp': 0.03735588073730469,
          'Two': 41.7013053894043,
          'Twp': 44.49795913696289,
          'adr': 'К. Маркса, 65'},
 '0073': {'Pgw': -0.02,
          'Pwo': 0.023850250244140624,
          'Pwp': 0.037046420574188235,
          'Two': 41.50709533691406,
          'Twp': 47.5783805847168,
          'adr': 'К. Маркса, 77'},
 '0074': {'Pgw': 3.7858963012695312,
          'Pwo': 2.3086891174316406,
          'Pwp': 3.87867919921875,
          'Two': 41.19742202758789,
          'Twp': 50.568939208984375,
          'adr': 'Фрунзе, 8'},
 '0075': {'Pgw': 4.109187622070312,
          'Pwo': 1.847764892578125,
          'Pwp': 2.3546783447265627,
          'Two': 43.65901184082031,
          'Twp': 47.439109802246094,
          'adr': 'Голенева, 6а'},
 '0076': {'Pgw': 3.5338516235351562,
          'Pwo': 2.8507119750976564,
          'Pwp': 3.5552227783203123,
          'Two': 44.64411926269531,
          'Twp': 46.50951385498047,
          'adr': 'Серова, 451'},
 '0079': {'Pgw': 2.083551330566406,
          'Pwo': 1.8286746215820313,
          'Pwp': 2.785743408203125,
          'Two': 44.969749450683594,
          'Twp': 50.176025390625,
          'adr': 'Гоголя, 36'},
 '0081': {'Pgw': 3.308724670410156,
          'Pwo': 1.8966192626953124,
          'Pwp': 2.94593017578125,
          'Two': 51.87507629394531,
          'Twp': 65.15311431884766,
          'adr': 'Воронежская, 14'},
 '0090': {'Pgw': 0.06733156204223632,
          'Pwo': 0.021477959156036376,
          'Pwp': 0.033461170196533205,
          'Two': 46.234500885009766,
          'Twp': 53.13405990600586,
          'adr': 'Селекционная станция 3'},
 '0099': {'Pgw': 0.006387330293655395,
          'Pwo': 1.3744682312011718,
          'Pwp': 2.437640380859375,
          'Two': 58.38948059082031,
          'Twp': 66.0108871459961,
          'adr': 'Завокзальная, 33а к.А'},
 '0100': {'Pgw': 0.0,
          'Pwo': 0.0,
          'Pwp': 0.022162580490112306,
          'Two': 54.54425811767578,
          'Twp': 0,
          'adr': 'Завокзальная, 33а к.Б'},
 '0102': {'Pgw': 4.797098693847656,
          'Pwo': 2.9828607177734376,
          'Pwp': 5.0953237915039065,
          'Two': 47.660030364990234,
          'Twp': 65.90679931640625,
          'adr': 'Партизанская, 1г'},
 '0103': {'Pgw': 0.0,
          'Pwo': 0.002078540027141571,
          'Pwp': 0.0024776500463485718,
          'Two': 0,
          'Twp': 63.77433776855469,
          'adr': 'Старомарьевское, 7'},
 '0107': {'Pgw': 4.355426940917969,
          'Pwo': 2.1532916259765624,
          'Pwp': 2.560313415527344,
          'Two': 43.7333984375,
          'Twp': 49.053924560546875,
          'adr': 'Абрамовой, 2'},
 '0110': {'Pgw': 0.0,
          'Pwo': 0.0,
          'Pwp': 0.0,
          'Two': 0,
          'Twp': 0,
          'adr': 'Старомарьевское, 3'},
 '0111': {'Pgw': 3.756282958984375,
          'Pwo': 2.8781448364257813,
          'Pwp': 4.083094177246093,
          'Two': 62.06172180175781,
          'Twp': 69.85316467285156,
          'adr': '4-я Промышленная, 3'},
 '0116': {'Pgw': 0.0,
          'Pwo': 0.0,
          'Pwp': 0.026314640045166017,
          'Two': 0,
          'Twp': 66.63935852050781,
          'adr': '2й Юго-Западный, 9'},
 '0211': {'Pgw': 2.8335040283203123,
          'Pwo': 3.1028433227539063,
          'Pwp': 3.8141552734375,
          'Two': 59.57383728027344,
          'Twp': 70.4650650024414,
          'adr': 'Доваторцев, 86/3'},
 '2017': {'Pgw': 9.32076416015625,
          'Pwo': 2.9010015869140626,
          'Pwp': 5.606700439453125,
          'Two': 50.71106719970703,
          'Twp': 52.24755096435547,
          'adr': 'Р.Люксембург, 65'}}
|12.02.2025 13:31:44| [INFO]: ДАННЫЕ С БАЗЫ ДАННЫХ: [{'MAX(Dateizm)': datetime.date(2025, 12, 2),
  'Pgw': 0.0,
  'Pwo': 0.0,
  'Pwp': 0.0,
  'Two': 0.0,
  'Twp': 0.0,
  'idkot': '0014'},
 {'MAX(Dateizm)': datetime.date(2025, 12, 2),
  'Pgw': 3.1,
  'Pwo': 3.0,
  'Pwp': 3.1,
  'Two': 50.4,
  'Twp': 69.2,
  'idkot': '0021'},
 {'MAX(Dateizm)': datetime.date(2025, 12, 2),
  'Pgw': 4.7,
  'Pwo': 1.7,
  'Pwp': 2.5,
  'Two': 57.5,
  'Twp': 67.1,
  'idkot': '0024'},
 {'MAX(Dateizm)': datetime.date(2025, 12, 2),
  'Pgw': 3.7,
  'Pwo': 2.4,
  'Pwp': 3.7,
  'Two': 50.4,
  'Twp': 56.1,
  'idkot': '0037'},
 {'MAX(Dateizm)': datetime.date(2025, 12, 2),
  'Pgw': 3.4,
  'Pwo': 1.8,
  'Pwp': 2.5,
  'Two': 63.7,
  'Twp': 68.2,
  'idkot': '0048'},
 {'MAX(Dateizm)': datetime.date(2025, 12, 2),
  'Pgw': None,
  'Pwo': None,
  'Pwp': None,
  'Two': None,
  'Twp': None,
  'idkot': '0049'},
 {'MAX(Dateizm)': datetime.date(2025, 12, 2),
  'Pgw': 5.0,
  'Pwo': 2.2,
  'Pwp': 3.0,
  'Two': 58.5,
  'Twp': 67.2,
  'idkot': '0050'},
 {'MAX(Dateizm)': datetime.date(2025, 12, 2),
  'Pgw': 4.3,
  'Pwo': 1.0,
  'Pwp': 1.6,
  'Two': 65.3,
  'Twp': 73.7,
  'idkot': '0056'},
 {'MAX(Dateizm)': datetime.date(2025, 12, 2),
  'Pgw': None,
  'Pwo': 3.1,
  'Pwp': 4.5,
  'Two': 50.5,
  'Twp': 64.1,
  'idkot': '0060'},
 {'MAX(Dateizm)': datetime.date(2025, 12, 2),
  'Pgw': 2.7,
  'Pwo': 2.0,
  'Pwp': 3.1,
  'Two': 62.8,
  'Twp': 71.7,
  'idkot': '0063'},
 {'MAX(Dateizm)': datetime.date(2025, 12, 2),
  'Pgw': 3.9,
  'Pwo': 2.4,
  'Pwp': 3.2,
  'Two': 73.2,
  'Twp': 77.9,
  'idkot': '0064'},
 {'MAX(Dateizm)': datetime.date(2025, 12, 2),
  'Pgw': 1.6,
  'Pwo': 1.6,
  'Pwp': 3.6,
  'Two': 62.9,
  'Twp': 78.9,
  'idkot': '0065'},
 {'MAX(Dateizm)': datetime.date(2025, 12, 2),
  'Pgw': 3.0,
  'Pwo': 3.0,
  'Pwp': 3.5,
  'Two': 66.7,
  'Twp': 77.2,
  'idkot': '0067'},
 {'MAX(Dateizm)': datetime.date(2025, 12, 2),
  'Pgw': 3.8,
  'Pwo': 2.2,
  'Pwp': 3.3,
  'Two': 60.8,
  'Twp': 69.9,
  'idkot': '0068'},
 {'MAX(Dateizm)': datetime.date(2025, 12, 2),
  'Pgw': 0.0,
  'Pwo': 2.5,
  'Pwp': 3.6,
  'Two': 65.2,
  'Twp': 78.5,
  'idkot': '0072'},
 {'MAX(Dateizm)': datetime.date(2025, 12, 2),
  'Pgw': 3.2,
  'Pwo': 1.8,
  'Pwp': 3.7,
  'Two': 59.8,
  'Twp': 76.0,
  'idkot': '0073'},
 {'MAX(Dateizm)': datetime.date(2025, 12, 2),
  'Pgw': 3.3,
  'Pwo': 1.7,
  'Pwp': 3.6,
  'Two': 68.4,
  'Twp': 75.5,
  'idkot': '0074'},
 {'MAX(Dateizm)': datetime.date(2025, 12, 2),
  'Pgw': 3.5,
  'Pwo': 1.4,
  'Pwp': 2.3,
  'Two': 61.0,
  'Twp': 71.0,
  'idkot': '0075'},
 {'MAX(Dateizm)': datetime.date(2025, 12, 2),
  'Pgw': 3.7,
  'Pwo': 2.1,
  'Pwp': 3.2,
  'Two': 60.1,
  'Twp': 68.1,
  'idkot': '0076'},
 {'MAX(Dateizm)': datetime.date(2025, 12, 2),
  'Pgw': 6.0,
  'Pwo': 1.7,
  'Pwp': 2.5,
  'Two': 64.3,
  'Twp': 79.2,
  'idkot': '0079'},
 {'MAX(Dateizm)': datetime.date(2025, 12, 2),
  'Pgw': 4.4,
  'Pwo': 2.3,
  'Pwp': 2.9,
  'Two': 63.5,
  'Twp': 73.6,
  'idkot': '0081'},
 {'MAX(Dateizm)': datetime.date(2025, 12, 2),
  'Pgw': 0.0,
  'Pwo': 0.0,
  'Pwp': 0.0,
  'Two': 0.0,
  'Twp': 0.0,
  'idkot': '0090'},
 {'MAX(Dateizm)': datetime.date(2025, 12, 2),
  'Pgw': None,
  'Pwo': None,
  'Pwp': None,
  'Two': None,
  'Twp': 64.3,
  'idkot': '0099'},
 {'MAX(Dateizm)': datetime.date(2025, 12, 2),
  'Pgw': None,
  'Pwo': None,
  'Pwp': None,
  'Two': None,
  'Twp': 72.1,
  'idkot': '0100'},
 {'MAX(Dateizm)': datetime.date(2025, 12, 2),
  'Pgw': 4.9,
  'Pwo': 2.9,
  'Pwp': 4.4,
  'Two': 58.2,
  'Twp': 75.5,
  'idkot': '0102'},
 {'MAX(Dateizm)': datetime.date(2025, 12, 2),
  'Pgw': None,
  'Pwo': 2.5,
  'Pwp': 2.9,
  'Two': None,
  'Twp': 78.0,
  'idkot': '0103'},
 {'MAX(Dateizm)': datetime.date(2025, 12, 2),
  'Pgw': 3.2,
  'Pwo': 2.2,
  'Pwp': 2.6,
  'Two': 58.8,
  'Twp': 64.7,
  'idkot': '0107'},
 {'MAX(Dateizm)': datetime.date(2025, 11, 26),
  'Pgw': 1.4,
  'Pwo': 1.2,
  'Pwp': 2.4,
  'Two': 56.3,
  'Twp': 65.6,
  'idkot': '0110'},
 {'MAX(Dateizm)': datetime.date(2025, 12, 2),
  'Pgw': 3.6,
  'Pwo': 2.5,
  'Pwp': 2.9,
  'Two': 55.7,
  'Twp': 66.8,
  'idkot': '0111'},
 {'MAX(Dateizm)': datetime.date(2025, 12, 2),
  'Pgw': None,
  'Pwo': None,
  'Pwp': None,
  'Two': None,
  'Twp': None,
  'idkot': '0116'},
 {'MAX(Dateizm)': datetime.date(2025, 12, 2),
  'Pgw': 3.4,
  'Pwo': 3.9,
  'Pwp': 4.6,
  'Two': 66.0,
  'Twp': 74.6,
  'idkot': '0211'},
 {'MAX(Dateizm)': datetime.date(2025, 12, 2),
  'Pgw': 9.7,
  'Pwo': 2.7,
  'Pwp': 5.3,
  'Two': 53.3,
  'Twp': 62.6,
  'idkot': '2017'}]
|12.02.2025 13:31:44| [ERROR]: ⛔️ Нет связи с OPC для Старомарьевское, 3 (idkot=0110) — Будет пропущена
|12.02.2025 13:31:44| [INFO]: ДАННЫЕ КОТОРЫЕ ИДУТ В БАЗУ ДАННЫХ: {'0014': {'Pgw': 1.59,
          'Pwo': 2.21,
          'Pwp': 3.01,
          'Two': 26.22,
          'Twp': 33.75,
          'adr': '8 марта, 164Б'},
 '0021': {'Pgw': 3.1,
          'Pwo': 3.16,
          'Pwp': 3.88,
          'Two': 49.4,
          'Twp': 66.75,
          'adr': 'Пушкина, 65'},
 '0024': {'Pgw': 4.65,
          'Pwo': 1.34,
          'Pwp': 2.61,
          'Two': 49.69,
          'Twp': 55.84,
          'adr': 'Объездная, 31'},
 '0037': {'Pgw': 1.9,
          'Pwo': 1.24,
          'Pwp': 1.9,
          'Two': 30.8,
          'Twp': 34.21,
          'adr': 'Балакирева, 5'},
 '0048': {'Pgw': 3.75,
          'Pwo': 2.07,
          'Pwp': 2.78,
          'Two': 60.98,
          'Twp': 67.66,
          'adr': 'Фрунзе, 2'},
 '0049': {'Pgw': 0.05,
          'Pwo': 0.02,
          'Pwp': 0.02,
          'Two': 64.07,
          'Twp': 71.76,
          'adr': 'Октябрьская, 159'},
 '0050': {'Pgw': 4.8,
          'Pwo': 2.33,
          'Pwp': 3.36,
          'Two': 48.86,
          'Twp': 56.32,
          'adr': 'Октябрьская, 66'},
 '0056': {'Pgw': 3.74,
          'Pwo': 1.62,
          'Pwp': 2.33,
          'Two': 58.76,
          'Twp': 65.36,
          'adr': 'Дзержинского, 161'},
 '0060': {'Pgw': 0.0,
          'Pwo': 1.55,
          'Pwp': 2.25,
          'Two': 52.41,
          'Twp': 66.38,
          'adr': 'Чапаева, 4'},
 '0063': {'Pgw': 3.14,
          'Pwo': 2.16,
          'Pwp': 3.06,
          'Two': 60.84,
          'Twp': 68.47,
          'adr': 'Балахонова, 13'},
 '0064': {'Pgw': 1.96,
          'Pwo': 1.21,
          'Pwp': 1.62,
          'Two': 62.77,
          'Twp': 70.5,
          'adr': 'Голенева, 46'},
 '0065': {'Pgw': 0.82,
          'Pwo': 0.81,
          'Pwp': 1.82,
          'Two': 57.13,
          'Twp': 69.66,
          'adr': 'Краснофлотская 187'},
 '0067': {'Pgw': 3.03,
          'Pwo': 2.64,
          'Pwp': 3.49,
          'Two': 61.02,
          'Twp': 72.26,
          'adr': 'Пономарева 5'},
 '0068': {'Pgw': 3.67,
          'Pwo': 1.97,
          'Pwp': 2.96,
          'Two': 55.8,
          'Twp': 67.25,
          'adr': 'Шпаковская 85'},
 '0072': {'Pgw': 0.02,
          'Pwo': 1.26,
          'Pwp': 1.82,
          'Two': 53.45,
          'Twp': 61.5,
          'adr': 'К. Маркса, 65'},
 '0073': {'Pgw': 1.59,
          'Pwo': 0.91,
          'Pwp': 1.87,
          'Two': 50.65,
          'Twp': 61.79,
          'adr': 'К. Маркса, 77'},
 '0074': {'Pgw': 3.54,
          'Pwo': 2.0,
          'Pwp': 3.74,
          'Two': 54.8,
          'Twp': 63.03,
          'adr': 'Фрунзе, 8'},
 '0075': {'Pgw': 3.8,
          'Pwo': 1.62,
          'Pwp': 2.33,
          'Two': 52.33,
          'Twp': 59.22,
          'adr': 'Голенева, 6а'},
 '0076': {'Pgw': 3.62,
          'Pwo': 2.48,
          'Pwp': 3.38,
          'Two': 52.37,
          'Twp': 57.3,
          'adr': 'Серова, 451'},
 '0079': {'Pgw': 4.04,
          'Pwo': 1.76,
          'Pwp': 2.64,
          'Two': 54.63,
          'Twp': 64.69,
          'adr': 'Гоголя, 36'},
 '0081': {'Pgw': 3.85,
          'Pwo': 2.1,
          'Pwp': 2.92,
          'Two': 57.69,
          'Twp': 69.38,
          'adr': 'Воронежская, 14'},
 '0090': {'Pgw': 0.03,
          'Pwo': 0.01,
          'Pwp': 0.02,
          'Two': 23.12,
          'Twp': 26.57,
          'adr': 'Селекционная станция 3'},
 '0099': {'Pgw': 0.01,
          'Pwo': 1.37,
          'Pwp': 2.44,
          'Two': 58.39,
          'Twp': 65.16,
          'adr': 'Завокзальная, 33а к.А'},
 '0100': {'Pgw': 0.0,
          'Pwo': 0.0,
          'Pwp': 0.02,
          'Two': 54.54,
          'Twp': 72.1,
          'adr': 'Завокзальная, 33а к.Б'},
 '0102': {'Pgw': 4.85,
          'Pwo': 2.94,
          'Pwp': 4.75,
          'Two': 52.93,
          'Twp': 70.7,
          'adr': 'Партизанская, 1г'},
 '0103': {'Pgw': 0.0,
          'Pwo': 1.25,
          'Pwp': 1.45,
          'Two': 0.0,
          'Twp': 70.89,
          'adr': 'Старомарьевское, 7'},
 '0107': {'Pgw': 3.78,
          'Pwo': 2.18,
          'Pwp': 2.58,
          'Two': 51.27,
          'Twp': 56.88,
          'adr': 'Абрамовой, 2'},
 '0111': {'Pgw': 3.68,
          'Pwo': 2.69,
          'Pwp': 3.49,
          'Two': 58.88,
          'Twp': 68.33,
          'adr': '4-я Промышленная, 3'},
 '0116': {'Pgw': 0.0,
          'Pwo': 0.0,
          'Pwp': 0.03,
          'Two': 0.0,
          'Twp': 66.64,
          'adr': '2й Юго-Западный, 9'},
 '0211': {'Pgw': 3.12,
          'Pwo': 3.5,
          'Pwp': 4.21,
          'Two': 62.79,
          'Twp': 72.53,
          'adr': 'Доваторцев, 86/3'},
 '2017': {'Pgw': 9.51,
          'Pwo': 2.8,
          'Pwp': 5.45,
          'Two': 52.01,
          'Twp': 57.42,
          'adr': 'Р.Люксембург, 65'}}
|12.02.2025 13:31:53| [INFO]: ✅ Все данные за 2025-12-02 успешно обработаны
|12.02.2025 13:31:53| [INFO]: Опрос завершен
|12.02.2025 14:00:07| [INFO]: Начала опроса
|12.02.2025 14:00:27| [INFO]: ДАННЫЕ С OPC: {'0014': {'Pgw': 3.1440985107421877,
          'Pwo': 3.891412353515625,
          'Pwp': 5.491920166015625,
          'Two': 52.26008224487305,
          'Twp': 67.53235626220703,
          'adr': '8 марта, 164Б'},
 '0021': {'Pgw': 3.1485205078125,
          'Pwo': 3.232452087402344,
          'Pwp': 4.609437866210937,
          'Two': 48.81999206542969,
          'Twp': 64.57603454589844,
          'adr': 'Пушкина, 65'},
 '0024': {'Pgw': 4.663484802246094,
          'Pwo': 0.9751950836181641,
          'Pwp': 2.7154705810546873,
          'Two': 42.18443298339844,
          'Twp': 45.9761962890625,
          'adr': 'Объездная, 31'},
 '0037': {'Pgw': 0.09593503952026367,
          'Pwo': 0.07622252941131592,
          'Pwp': 0.09286660194396973,
          'Two': 11.197713851928711,
          'Twp': 12.34483528137207,
          'adr': 'Балакирева, 5'},
 '0044': {'Pgw': 0.0,
          'Pwo': 0.0,
          'Pwp': 0.0,
          'Two': 0,
          'Twp': 0,
          'adr': 'Бабушкина, 2В'},
 '0048': {'Pgw': 4.250676574707032,
          'Pwo': 2.437963104248047,
          'Pwp': 3.060932922363281,
          'Two': 58.71806335449219,
          'Twp': 69.01485443115234,
          'adr': 'Фрунзе, 2'},
 '0049': {'Pgw': 0.047770447731018066,
          'Pwo': 0.01842213988304138,
          'Pwp': 0.024956600666046144,
          'Two': 64.99117279052734,
          'Twp': 72.47286224365234,
          'adr': 'Октябрьская, 159'},
 '0050': {'Pgw': 4.520567016601563,
          'Pwo': 2.44176513671875,
          'Pwp': 3.698577880859375,
          'Two': 38.38127899169922,
          'Twp': 44.347381591796875,
          'adr': 'Октябрьская, 66'},
 '0055': {'Pgw': 0.02492952108383179,
          'Pwo': 0.020083129405975342,
          'Pwp': 0.035869009494781494,
          'Two': 0,
          'Twp': 67.72012329101562,
          'adr': 'Репина, 146'},
 '0056': {'Pgw': 3.2606182861328126,
          'Pwo': 2.2423284912109374,
          'Pwp': 3.0699493408203127,
          'Two': 52.36766052246094,
          'Twp': 57.057594299316406,
          'adr': 'Дзержинского, 161'},
 '0060': {'Pgw': 0.0,
          'Pwo': 0.0036717799305915834,
          'Pwp': 0.004980430006980896,
          'Two': 54.59214782714844,
          'Twp': 69.42549133300781,
          'adr': 'Чапаева, 4'},
 '0063': {'Pgw': 3.61888671875,
          'Pwo': 2.312294158935547,
          'Pwp': 3.0252621459960936,
          'Two': 59.18675231933594,
          'Twp': 65.6897964477539,
          'adr': 'Балахонова, 13'},
 '0064': {'Pgw': 0.021462268829345703,
          'Pwo': 0.022729129791259767,
          'Pwp': 0.03209269046783447,
          'Two': 52.38630676269531,
          'Twp': 63.049774169921875,
          'adr': 'Голенева, 46'},
 '0065': {'Pgw': 0.03669826030731201,
          'Pwo': 0.01712641954421997,
          'Pwp': 0.03145369052886963,
          'Two': 51.54038619995117,
          'Twp': 68.00018310546875,
          'adr': 'Краснофлотская 187'},
 '0067': {'Pgw': 3.0197384643554686,
          'Pwo': 2.290331268310547,
          'Pwp': 3.508048400878906,
          'Two': 55.267906188964844,
          'Twp': 66.64403533935547,
          'adr': 'Пономарева 5'},
 '0068': {'Pgw': 3.4693511962890624,
          'Pwo': 1.7484716796875,
          'Pwp': 2.6382025146484374,
          'Two': 51.14777755737305,
          'Twp': 63.526519775390625,
          'adr': 'Шпаковская 85'},
 '0072': {'Pgw': 0.0374045991897583,
          'Pwo': 0.02659548044204712,
          'Pwp': 0.03728682041168213,
          'Two': 41.59602737426758,
          'Twp': 48.2059326171875,
          'adr': 'К. Маркса, 65'},
 '0073': {'Pgw': -0.02,
          'Pwo': 0.02388171911239624,
          'Pwp': 0.03710855960845947,
          'Two': 41.513206481933594,
          'Twp': 47.57016372680664,
          'adr': 'К. Маркса, 77'},
 '0074': {'Pgw': 3.7409017944335936,
          'Pwo': 2.47882080078125,
          'Pwp': 4.176855163574219,
          'Two': 40.585262298583984,
          'Twp': 49.9078369140625,
          'adr': 'Фрунзе, 8'},
 '0075': {'Pgw': 4.168202209472656,
          'Pwo': 1.8588191223144532,
          'Pwp': 2.36533935546875,
          'Two': 44.159271240234375,
          'Twp': 47.730308532714844,
          'adr': 'Голенева, 6а'},
 '0076': {'Pgw': 3.6035055541992187,
          'Pwo': 2.9496865844726563,
          'Pwp': 3.6877435302734374,
          'Two': 44.72516632080078,
          'Twp': 51.041343688964844,
          'adr': 'Серова, 451'},
 '0079': {'Pgw': 1.9995069885253907,
          'Pwo': 1.79644287109375,
          'Pwp': 2.756764221191406,
          'Two': 45.60707092285156,
          'Twp': 48.00001525878906,
          'adr': 'Гоголя, 36'},
 '0081': {'Pgw': 3.502099609375,
          'Pwo': 1.8910890197753907,
          'Pwp': 2.9364199829101563,
          'Two': 52.975006103515625,
          'Twp': 61.370948791503906,
          'adr': 'Воронежская, 14'},
 '0090': {'Pgw': 0.06863890171051025,
          'Pwo': 0.021284921169281004,
          'Pwp': 0.03326909065246582,
          'Two': 46.27753448486328,
          'Twp': 53.16623306274414,
          'adr': 'Селекционная станция 3'},
 '0099': {'Pgw': 0.0011019899696111679,
          'Pwo': 1.2870204162597656,
          'Pwp': 2.4642843627929687,
          'Two': 59.07141876220703,
          'Twp': 66.2562484741211,
          'adr': 'Завокзальная, 33а к.А'},
 '0100': {'Pgw': 0.0,
          'Pwo': 0.0,
          'Pwp': 0.011745710372924805,
          'Two': 47.600868225097656,
          'Twp': 0,
          'adr': 'Завокзальная, 33а к.Б'},
 '0102': {'Pgw': 4.811236267089844,
          'Pwo': 2.8733843994140624,
          'Pwp': 5.032129516601563,
          'Two': 47.383270263671875,
          'Twp': 64.69880676269531,
          'adr': 'Партизанская, 1г'},
 '0103': {'Pgw': 0.0,
          'Pwo': 0.0020542100071907045,
          'Pwp': 0.002413710057735443,
          'Two': 0,
          'Twp': 62.05421447753906,
          'adr': 'Старомарьевское, 7'},
 '0107': {'Pgw': 4.458860778808594,
          'Pwo': 1.9966087341308594,
          'Pwp': 2.485166015625,
          'Two': 43.77964782714844,
          'Twp': 49.88532257080078,
          'adr': 'Абрамовой, 2'},
 '0110': {'Pgw': 0.0,
          'Pwo': 0.0,
          'Pwp': 0.0,
          'Two': 0,
          'Twp': 0,
          'adr': 'Старомарьевское, 3'},
 '0111': {'Pgw': 3.676632995605469,
          'Pwo': 2.7515521240234375,
          'Pwp': 4.05441162109375,
          'Two': 61.61454772949219,
          'Twp': 69.31439208984375,
          'adr': '4-я Промышленная, 3'},
 '0116': {'Pgw': 0.0,
          'Pwo': 0.0,
          'Pwp': 0.026266369819641113,
          'Two': 0,
          'Twp': 64.7194595336914,
          'adr': '2й Юго-Западный, 9'},
 '0211': {'Pgw': 2.837721862792969,
          'Pwo': 3.116044921875,
          'Pwp': 3.754694519042969,
          'Two': 60.734230041503906,
          'Twp': 71.00852966308594,
          'adr': 'Доваторцев, 86/3'},
 '2017': {'Pgw': 9.348312377929688,
          'Pwo': 2.914670104980469,
          'Pwp': 5.6083306884765625,
          'Two': 50.769264221191406,
          'Twp': 52.386871337890625,
          'adr': 'Р.Люксембург, 65'}}
|12.02.2025 14:00:27| [INFO]: ДАННЫЕ С БАЗЫ ДАННЫХ: [{'MAX(Dateizm)': datetime.date(2025, 12, 2),
  'Pgw': 0.0,
  'Pwo': 0.0,
  'Pwp': 0.0,
  'Two': 0.0,
  'Twp': 0.0,
  'idkot': '0014'},
 {'MAX(Dateizm)': datetime.date(2025, 12, 2),
  'Pgw': 3.1,
  'Pwo': 3.0,
  'Pwp': 3.1,
  'Two': 50.4,
  'Twp': 69.2,
  'idkot': '0021'},
 {'MAX(Dateizm)': datetime.date(2025, 12, 2),
  'Pgw': 4.7,
  'Pwo': 1.7,
  'Pwp': 2.5,
  'Two': 57.5,
  'Twp': 67.1,
  'idkot': '0024'},
 {'MAX(Dateizm)': datetime.date(2025, 12, 2),
  'Pgw': 3.7,
  'Pwo': 2.4,
  'Pwp': 3.7,
  'Two': 50.4,
  'Twp': 56.1,
  'idkot': '0037'},
 {'MAX(Dateizm)': datetime.date(2025, 12, 2),
  'Pgw': 3.4,
  'Pwo': 1.8,
  'Pwp': 2.5,
  'Two': 63.7,
  'Twp': 68.2,
  'idkot': '0048'},
 {'MAX(Dateizm)': datetime.date(2025, 12, 2),
  'Pgw': None,
  'Pwo': None,
  'Pwp': None,
  'Two': None,
  'Twp': None,
  'idkot': '0049'},
 {'MAX(Dateizm)': datetime.date(2025, 12, 2),
  'Pgw': 5.0,
  'Pwo': 2.2,
  'Pwp': 3.0,
  'Two': 58.5,
  'Twp': 67.2,
  'idkot': '0050'},
 {'MAX(Dateizm)': datetime.date(2025, 12, 2),
  'Pgw': 4.3,
  'Pwo': 1.0,
  'Pwp': 1.6,
  'Two': 65.3,
  'Twp': 73.7,
  'idkot': '0056'},
 {'MAX(Dateizm)': datetime.date(2025, 12, 2),
  'Pgw': None,
  'Pwo': 3.1,
  'Pwp': 4.5,
  'Two': 50.5,
  'Twp': 64.1,
  'idkot': '0060'},
 {'MAX(Dateizm)': datetime.date(2025, 12, 2),
  'Pgw': 2.7,
  'Pwo': 2.0,
  'Pwp': 3.1,
  'Two': 62.8,
  'Twp': 71.7,
  'idkot': '0063'},
 {'MAX(Dateizm)': datetime.date(2025, 12, 2),
  'Pgw': 3.9,
  'Pwo': 2.4,
  'Pwp': 3.2,
  'Two': 73.2,
  'Twp': 77.9,
  'idkot': '0064'},
 {'MAX(Dateizm)': datetime.date(2025, 12, 2),
  'Pgw': 1.6,
  'Pwo': 1.6,
  'Pwp': 3.6,
  'Two': 62.9,
  'Twp': 78.9,
  'idkot': '0065'},
 {'MAX(Dateizm)': datetime.date(2025, 12, 2),
  'Pgw': 3.0,
  'Pwo': 3.0,
  'Pwp': 3.5,
  'Two': 66.7,
  'Twp': 77.2,
  'idkot': '0067'},
 {'MAX(Dateizm)': datetime.date(2025, 12, 2),
  'Pgw': 3.8,
  'Pwo': 2.2,
  'Pwp': 3.3,
  'Two': 60.8,
  'Twp': 69.9,
  'idkot': '0068'},
 {'MAX(Dateizm)': datetime.date(2025, 12, 2),
  'Pgw': 0.0,
  'Pwo': 2.5,
  'Pwp': 3.6,
  'Two': 65.2,
  'Twp': 78.5,
  'idkot': '0072'},
 {'MAX(Dateizm)': datetime.date(2025, 12, 2),
  'Pgw': 3.2,
  'Pwo': 1.8,
  'Pwp': 3.7,
  'Two': 59.8,
  'Twp': 76.0,
  'idkot': '0073'},
 {'MAX(Dateizm)': datetime.date(2025, 12, 2),
  'Pgw': 3.3,
  'Pwo': 1.7,
  'Pwp': 3.6,
  'Two': 68.4,
  'Twp': 75.5,
  'idkot': '0074'},
 {'MAX(Dateizm)': datetime.date(2025, 12, 2),
  'Pgw': 3.5,
  'Pwo': 1.4,
  'Pwp': 2.3,
  'Two': 61.0,
  'Twp': 71.0,
  'idkot': '0075'},
 {'MAX(Dateizm)': datetime.date(2025, 12, 2),
  'Pgw': 3.7,
  'Pwo': 2.1,
  'Pwp': 3.2,
  'Two': 60.1,
  'Twp': 68.1,
  'idkot': '0076'},
 {'MAX(Dateizm)': datetime.date(2025, 12, 2),
  'Pgw': 6.0,
  'Pwo': 1.7,
  'Pwp': 2.5,
  'Two': 64.3,
  'Twp': 79.2,
  'idkot': '0079'},
 {'MAX(Dateizm)': datetime.date(2025, 12, 2),
  'Pgw': 4.4,
  'Pwo': 2.3,
  'Pwp': 2.9,
  'Two': 63.5,
  'Twp': 73.6,
  'idkot': '0081'},
 {'MAX(Dateizm)': datetime.date(2025, 12, 2),
  'Pgw': 0.0,
  'Pwo': 0.0,
  'Pwp': 0.0,
  'Two': 0.0,
  'Twp': 0.0,
  'idkot': '0090'},
 {'MAX(Dateizm)': datetime.date(2025, 12, 2),
  'Pgw': None,
  'Pwo': None,
  'Pwp': None,
  'Two': None,
  'Twp': 64.3,
  'idkot': '0099'},
 {'MAX(Dateizm)': datetime.date(2025, 12, 2),
  'Pgw': None,
  'Pwo': None,
  'Pwp': None,
  'Two': None,
  'Twp': 72.1,
  'idkot': '0100'},
 {'MAX(Dateizm)': datetime.date(2025, 12, 2),
  'Pgw': 4.9,
  'Pwo': 2.9,
  'Pwp': 4.4,
  'Two': 58.2,
  'Twp': 75.5,
  'idkot': '0102'},
 {'MAX(Dateizm)': datetime.date(2025, 12, 2),
  'Pgw': None,
  'Pwo': 2.5,
  'Pwp': 2.9,
  'Two': None,
  'Twp': 78.0,
  'idkot': '0103'},
 {'MAX(Dateizm)': datetime.date(2025, 12, 2),
  'Pgw': 3.2,
  'Pwo': 2.2,
  'Pwp': 2.6,
  'Two': 58.8,
  'Twp': 64.7,
  'idkot': '0107'},
 {'MAX(Dateizm)': datetime.date(2025, 11, 26),
  'Pgw': 1.4,
  'Pwo': 1.2,
  'Pwp': 2.4,
  'Two': 56.3,
  'Twp': 65.6,
  'idkot': '0110'},
 {'MAX(Dateizm)': datetime.date(2025, 12, 2),
  'Pgw': 3.6,
  'Pwo': 2.5,
  'Pwp': 2.9,
  'Two': 55.7,
  'Twp': 66.8,
  'idkot': '0111'},
 {'MAX(Dateizm)': datetime.date(2025, 12, 2),
  'Pgw': None,
  'Pwo': None,
  'Pwp': None,
  'Two': None,
  'Twp': None,
  'idkot': '0116'},
 {'MAX(Dateizm)': datetime.date(2025, 12, 2),
  'Pgw': 3.4,
  'Pwo': 3.9,
  'Pwp': 4.6,
  'Two': 66.0,
  'Twp': 74.6,
  'idkot': '0211'},
 {'MAX(Dateizm)': datetime.date(2025, 12, 2),
  'Pgw': 9.7,
  'Pwo': 2.7,
  'Pwp': 5.3,
  'Two': 53.3,
  'Twp': 62.6,
  'idkot': '2017'}]
|12.02.2025 14:00:27| [ERROR]: ⛔️ Нет связи с OPC для Старомарьевское, 3 (idkot=0110) — Будет пропущена
|12.02.2025 14:00:27| [INFO]: ДАННЫЕ КОТОРЫЕ ИДУТ В БАЗУ ДАННЫХ: {'0014': {'Pgw': 1.57,
          'Pwo': 1.95,
          'Pwp': 2.75,
          'Two': 26.13,
          'Twp': 33.77,
          'adr': '8 марта, 164Б'},
 '0021': {'Pgw': 3.12,
          'Pwo': 3.12,
          'Pwp': 3.85,
          'Two': 49.61,
          'Twp': 66.89,
          'adr': 'Пушкина, 65'},
 '0024': {'Pgw': 4.68,
          'Pwo': 1.34,
          'Pwp': 2.61,
          'Two': 49.84,
          'Twp': 56.54,
          'adr': 'Объездная, 31'},
 '0037': {'Pgw': 1.9,
          'Pwo': 1.24,
          'Pwp': 1.9,
          'Two': 30.8,
          'Twp': 34.22,
          'adr': 'Балакирева, 5'},
 '0048': {'Pgw': 3.83,
          'Pwo': 2.12,
          'Pwp': 2.78,
          'Two': 61.21,
          'Twp': 68.61,
          'adr': 'Фрунзе, 2'},
 '0049': {'Pgw': 0.05,
          'Pwo': 0.02,
          'Pwp': 0.02,
          'Two': 64.99,
          'Twp': 72.47,
          'adr': 'Октябрьская, 159'},
 '0050': {'Pgw': 4.76,
          'Pwo': 2.32,
          'Pwp': 3.35,
          'Two': 48.44,
          'Twp': 55.77,
          'adr': 'Октябрьская, 66'},
 '0056': {'Pgw': 3.78,
          'Pwo': 1.62,
          'Pwp': 2.33,
          'Two': 58.83,
          'Twp': 65.38,
          'adr': 'Дзержинского, 161'},
 '0060': {'Pgw': 0.0,
          'Pwo': 1.55,
          'Pwp': 2.25,
          'Two': 52.55,
          'Twp': 66.76,
          'adr': 'Чапаева, 4'},
 '0063': {'Pgw': 3.16,
          'Pwo': 2.16,
          'Pwp': 3.06,
          'Two': 60.99,
          'Twp': 68.69,
          'adr': 'Балахонова, 13'},
 '0064': {'Pgw': 1.96,
          'Pwo': 1.21,
          'Pwp': 1.62,
          'Two': 62.79,
          'Twp': 70.47,
          'adr': 'Голенева, 46'},
 '0065': {'Pgw': 0.82,
          'Pwo': 0.81,
          'Pwp': 1.82,
          'Two': 57.22,
          'Twp': 73.45,
          'adr': 'Краснофлотская 187'},
 '0067': {'Pgw': 3.01,
          'Pwo': 2.65,
          'Pwp': 3.5,
          'Two': 60.98,
          'Twp': 71.92,
          'adr': 'Пономарева 5'},
 '0068': {'Pgw': 3.63,
          'Pwo': 1.97,
          'Pwp': 2.97,
          'Two': 55.97,
          'Twp': 66.71,
          'adr': 'Шпаковская 85'},
 '0072': {'Pgw': 0.02,
          'Pwo': 1.26,
          'Pwp': 1.82,
          'Two': 53.4,
          'Twp': 63.35,
          'adr': 'К. Маркса, 65'},
 '0073': {'Pgw': 1.59,
          'Pwo': 0.91,
          'Pwp': 1.87,
          'Two': 50.66,
          'Twp': 61.79,
          'adr': 'К. Маркса, 77'},
 '0074': {'Pgw': 3.52,
          'Pwo': 2.09,
          'Pwp': 3.89,
          'Two': 54.49,
          'Twp': 62.7,
          'adr': 'Фрунзе, 8'},
 '0075': {'Pgw': 3.83,
          'Pwo': 1.63,
          'Pwp': 2.33,
          'Two': 52.58,
          'Twp': 59.37,
          'adr': 'Голенева, 6а'},
 '0076': {'Pgw': 3.65,
          'Pwo': 2.52,
          'Pwp': 3.44,
          'Two': 52.41,
          'Twp': 59.57,
          'adr': 'Серова, 451'},
 '0079': {'Pgw': 4.0,
          'Pwo': 1.75,
          'Pwp': 2.63,
          'Two': 54.95,
          'Twp': 63.6,
          'adr': 'Гоголя, 36'},
 '0081': {'Pgw': 3.95,
          'Pwo': 2.1,
          'Pwp': 2.92,
          'Two': 58.24,
          'Twp': 67.49,
          'adr': 'Воронежская, 14'},
 '0090': {'Pgw': 0.03,
          'Pwo': 0.01,
          'Pwp': 0.02,
          'Two': 23.14,
          'Twp': 26.58,
          'adr': 'Селекционная станция 3'},
 '0099': {'Pgw': 0.0,
          'Pwo': 1.29,
          'Pwp': 2.46,
          'Two': 59.07,
          'Twp': 65.28,
          'adr': 'Завокзальная, 33а к.А'},
 '0100': {'Pgw': 0.0,
          'Pwo': 0.0,
          'Pwp': 0.01,
          'Two': 47.6,
          'Twp': 72.1,
          'adr': 'Завокзальная, 33а к.Б'},
 '0102': {'Pgw': 4.86,
          'Pwo': 2.89,
          'Pwp': 4.72,
          'Two': 52.79,
          'Twp': 70.1,
          'adr': 'Партизанская, 1г'},
 '0103': {'Pgw': 0.0,
          'Pwo': 1.25,
          'Pwp': 1.45,
          'Two': 0.0,
          'Twp': 70.03,
          'adr': 'Старомарьевское, 7'},
 '0107': {'Pgw': 3.83,
          'Pwo': 2.1,
          'Pwp': 2.54,
          'Two': 51.29,
          'Twp': 57.29,
          'adr': 'Абрамовой, 2'},
 '0111': {'Pgw': 3.64,
          'Pwo': 2.63,
          'Pwp': 3.48,
          'Two': 58.66,
          'Twp': 68.06,
          'adr': '4-я Промышленная, 3'},
 '0116': {'Pgw': 0.0,
          'Pwo': 0.0,
          'Pwp': 0.03,
          'Two': 0.0,
          'Twp': 64.72,
          'adr': '2й Юго-Западный, 9'},
 '0211': {'Pgw': 3.12,
          'Pwo': 3.51,
          'Pwp': 4.18,
          'Two': 63.37,
          'Twp': 72.8,
          'adr': 'Доваторцев, 86/3'},
 '2017': {'Pgw': 9.52,
          'Pwo': 2.81,
          'Pwp': 5.45,
          'Two': 52.03,
          'Twp': 57.49,
          'adr': 'Р.Люксембург, 65'}}
|12.02.2025 14:00:36| [INFO]: ✅ Все данные за 2025-12-02 успешно обработаны
|12.02.2025 14:00:36| [INFO]: Опрос завершен
|12.02.2025 14:04:05| [INFO]: Начала опроса
|12.02.2025 14:04:15| [ERROR]: Ошибка ноды The operation failed.(Bad) ns=1;s=GPRS 2069.Фрунзе 2.Параметры.Вход5
|12.02.2025 14:04:15| [ERROR]: Ошибка ноды The operation failed.(Bad) ns=1;s=GPRS 2069.Фрунзе 2.Параметры.Вход1
|12.02.2025 14:04:15| [ERROR]: Ошибка ноды The operation failed.(Bad) ns=1;s=GPRS 2069.Фрунзе 2.Параметры.Вход2
|12.02.2025 14:04:15| [ERROR]: Ошибка ноды The operation failed.(Bad) ns=1;s=GPRS 2069.Фрунзе 2.Параметры.Вход3
|12.02.2025 14:04:15| [ERROR]: Ошибка ноды The operation failed.(Bad) ns=1;s=GPRS 2069.Фрунзе 2.Параметры.Вход4
|12.02.2025 14:04:25| [INFO]: ДАННЫЕ С OPC: {'0014': {'Pgw': 3.160616149902344,
          'Pwo': 3.8865151977539063,
          'Pwp': 5.4831396484375,
          'Two': 51.8005485534668,
          'Twp': 67.3946533203125,
          'adr': '8 марта, 164Б'},
 '0021': {'Pgw': 3.0603866577148438,
          'Pwo': 3.24957763671875,
          'Pwp': 4.615214233398437,
          'Two': 48.66960906982422,
          'Twp': 64.57603454589844,
          'adr': 'Пушкина, 65'},
 '0024': {'Pgw': 4.699516906738281,
          'Pwo': 0.9864707946777344,
          'Pwp': 2.7387689208984374,
          'Two': 42.35674285888672,
          'Twp': 45.813209533691406,
          'adr': 'Объездная, 31'},
 '0037': {'Pgw': 0.0956186866760254,
          'Pwo': 0.07620584011077881,
          'Pwp': 0.09290885925292969,
          'Two': 11.196771621704102,
          'Twp': 12.33729076385498,
          'adr': 'Балакирева, 5'},
 '0044': {'Pgw': 0.0,
          'Pwo': 0.0,
          'Pwp': 0.0,
          'Two': 0,
          'Twp': 0,
          'adr': 'Бабушкина, 2В'},
 '0048': {'Pgw': 0.0,
          'Pwo': 0.0,
          'Pwp': 0.0,
          'Two': 0,
          'Twp': 0,
          'adr': 'Фрунзе, 2'},
 '0049': {'Pgw': 0.047112679481506346,
          'Pwo': 0.018339519500732423,
          'Pwp': 0.024854979515075683,
          'Two': 62.56206130981445,
          'Twp': 68.11158752441406,
          'adr': 'Октябрьская, 159'},
 '0050': {'Pgw': 4.464199523925782,
          'Pwo': 2.437125244140625,
          'Pwp': 3.6894161987304686,
          'Two': 38.32319641113281,
          'Twp': 44.418975830078125,
          'adr': 'Октябрьская, 66'},
 '0055': {'Pgw': 0.025012331008911134,
          'Pwo': 0.020019750595092773,
          'Pwp': 0.0358644700050354,
          'Two': 0,
          'Twp': 67.41626739501953,
          'adr': 'Репина, 146'},
 '0056': {'Pgw': -0.5485218048095704,
          'Pwo': 2.2531803894042968,
          'Pwp': 3.12125732421875,
          'Two': 52.255218505859375,
          'Twp': 56.94207763671875,
          'adr': 'Дзержинского, 161'},
 '0060': {'Pgw': 0.0,
          'Pwo': 0.0034216800332069397,
          'Pwp': 0.004632390141487122,
          'Two': 54.60032653808594,
          'Twp': 69.55036926269531,
          'adr': 'Чапаева, 4'},
 '0063': {'Pgw': 3.7453765869140625,
          'Pwo': 2.3299020385742186,
          'Pwp': 3.0407647705078125,
          'Two': 58.85770797729492,
          'Twp': 65.92965698242188,
          'adr': 'Балахонова, 13'},
 '0064': {'Pgw': 0.022461531162261964,
          'Pwo': 0.022639191150665282,
          'Pwp': 0.03189465045928955,
          'Two': 52.419960021972656,
          'Twp': 63.087100982666016,
          'adr': 'Голенева, 46'},
 '0065': {'Pgw': 0.03702905893325806,
          'Pwo': 0.017056699991226196,
          'Pwp': 0.03144253969192505,
          'Two': 51.11237716674805,
          'Twp': 65.31299591064453,
          'adr': 'Краснофлотская 187'},
 '0067': {'Pgw': 2.79419677734375,
          'Pwo': 2.2855625915527344,
          'Pwp': 3.5122695922851563,
          'Two': 55.244667053222656,
          'Twp': 67.07221984863281,
          'adr': 'Пономарева 5'},
 '0068': {'Pgw': 3.523392333984375,
          'Pwo': 1.7485464477539063,
          'Pwp': 2.657625732421875,
          'Two': 50.9736213684082,
          'Twp': 63.43115997314453,
          'adr': 'Шпаковская 85'},
 '0072': {'Pgw': 0.038048241138458255,
          'Pwo': 0.02654021978378296,
          'Pwp': 0.03726125001907349,
          'Two': 41.545631408691406,
          'Twp': 46.87831115722656,
          'adr': 'К. Маркса, 65'},
 '0073': {'Pgw': -0.02,
          'Pwo': 0.023840138912200926,
          'Pwp': 0.037115468978881835,
          'Two': 41.5238151550293,
          'Twp': 47.53887939453125,
          'adr': 'К. Маркса, 77'},
 '0074': {'Pgw': 3.9167880249023437,
          'Pwo': 2.3978042602539062,
          'Pwp': 3.9767074584960938,
          'Two': 41.18212890625,
          'Twp': 50.580963134765625,
          'adr': 'Фрунзе, 8'},
 '0075': {'Pgw': 4.2661505126953125,
          'Pwo': 1.86380126953125,
          'Pwp': 2.3720443725585936,
          'Two': 44.48040008544922,
          'Twp': 49.58610534667969,
          'adr': 'Голенева, 6а'},
 '0076': {'Pgw': 3.645196533203125,
          'Pwo': 2.9004501342773437,
          'Pwp': 3.697898254394531,
          'Two': 44.77147674560547,
          'Twp': 52.57142639160156,
          'adr': 'Серова, 451'},
 '0079': {'Pgw': 2.046877136230469,
          'Pwo': 1.8870950317382813,
          'Pwp': 2.825399169921875,
          'Two': 45.746124267578125,
          'Twp': 48.491363525390625,
          'adr': 'Гоголя, 36'},
 '0081': {'Pgw': 3.4903955078125,
          'Pwo': 1.7890298461914063,
          'Pwp': 2.8374014282226563,
          'Two': 52.789756774902344,
          'Twp': 61.078208923339844,
          'adr': 'Воронежская, 14'},
 '0090': {'Pgw': 0.06944313049316406,
          'Pwo': 0.02129837989807129,
          'Pwp': 0.03328049898147583,
          'Two': 46.25212860107422,
          'Twp': 53.1638069152832,
          'adr': 'Селекционная станция 3'},
 '0099': {'Pgw': 0.00789817988872528,
          'Pwo': 1.3320082092285157,
          'Pwp': 2.503226470947266,
          'Two': 58.662254333496094,
          'Twp': 65.96182250976562,
          'adr': 'Завокзальная, 33а к.А'},
 '0100': {'Pgw': 0.0,
          'Pwo': 0.0,
          'Pwp': 0.008648530244827271,
          'Two': 44.709129333496094,
          'Twp': 0,
          'adr': 'Завокзальная, 33а к.Б'},
 '0102': {'Pgw': 4.590263977050781,
          'Pwo': 2.8642611694335938,
          'Pwp': 5.004412231445312,
          'Two': 47.214141845703125,
          'Twp': 64.59063720703125,
          'adr': 'Партизанская, 1г'},
 '0103': {'Pgw': 0.0,
          'Pwo': 0.002055259943008423,
          'Pwp': 0.0024231499433517456,
          'Two': 0,
          'Twp': 60.78273010253906,
          'adr': 'Старомарьевское, 7'},
 '0107': {'Pgw': 4.411606750488281,
          'Pwo': 2.080172576904297,
          'Pwp': 2.5275704956054685,
          'Two': 43.606178283691406,
          'Twp': 48.94853973388672,
          'adr': 'Абрамовой, 2'},
 '0110': {'Pgw': 0.0,
          'Pwo': 0.0,
          'Pwp': 0.0,
          'Two': 0,
          'Twp': 0,
          'adr': 'Старомарьевское, 3'},
 '0111': {'Pgw': 3.770388488769531,
          'Pwo': 2.754627685546875,
          'Pwp': 4.058200073242188,
          'Two': 61.866790771484375,
          'Twp': 69.85316467285156,
          'adr': '4-я Промышленная, 3'},
 '0116': {'Pgw': 0.0,
          'Pwo': 0.0,
          'Pwp': 0.02633603096008301,
          'Two': 0,
          'Twp': 69.36357879638672,
          'adr': '2й Юго-Западный, 9'},
 '0211': {'Pgw': 2.7776190185546876,
          'Pwo': 3.054439697265625,
          'Pwp': 3.7515087890625,
          'Two': 60.28168487548828,
          'Twp': 69.52114868164062,
          'adr': 'Доваторцев, 86/3'},
 '2017': {'Pgw': 9.340438842773438,
          'Pwo': 2.911126708984375,
          'Pwp': 5.598009033203125,
          'Two': 50.850730895996094,
          'Twp': 52.41008758544922,
          'adr': 'Р.Люксембург, 65'}}
|12.02.2025 14:04:25| [INFO]: ДАННЫЕ С БАЗЫ ДАННЫХ: [{'MAX(Dateizm)': datetime.date(2025, 12, 2),
  'Pgw': 0.0,
  'Pwo': 0.0,
  'Pwp': 0.0,
  'Two': 0.0,
  'Twp': 0.0,
  'idkot': '0014'},
 {'MAX(Dateizm)': datetime.date(2025, 12, 2),
  'Pgw': 3.1,
  'Pwo': 3.0,
  'Pwp': 3.1,
  'Two': 50.4,
  'Twp': 69.2,
  'idkot': '0021'},
 {'MAX(Dateizm)': datetime.date(2025, 12, 2),
  'Pgw': 4.7,
  'Pwo': 1.7,
  'Pwp': 2.5,
  'Two': 57.5,
  'Twp': 67.1,
  'idkot': '0024'},
 {'MAX(Dateizm)': datetime.date(2025, 12, 2),
  'Pgw': 3.7,
  'Pwo': 2.4,
  'Pwp': 3.7,
  'Two': 50.4,
  'Twp': 56.1,
  'idkot': '0037'},
 {'MAX(Dateizm)': datetime.date(2025, 12, 2),
  'Pgw': 3.4,
  'Pwo': 1.8,
  'Pwp': 2.5,
  'Two': 63.7,
  'Twp': 68.2,
  'idkot': '0048'},
 {'MAX(Dateizm)': datetime.date(2025, 12, 2),
  'Pgw': None,
  'Pwo': None,
  'Pwp': None,
  'Two': None,
  'Twp': None,
  'idkot': '0049'},
 {'MAX(Dateizm)': datetime.date(2025, 12, 2),
  'Pgw': 5.0,
  'Pwo': 2.2,
  'Pwp': 3.0,
  'Two': 58.5,
  'Twp': 67.2,
  'idkot': '0050'},
 {'MAX(Dateizm)': datetime.date(2025, 12, 2),
  'Pgw': 4.3,
  'Pwo': 1.0,
  'Pwp': 1.6,
  'Two': 65.3,
  'Twp': 73.7,
  'idkot': '0056'},
 {'MAX(Dateizm)': datetime.date(2025, 12, 2),
  'Pgw': None,
  'Pwo': 3.1,
  'Pwp': 4.5,
  'Two': 50.5,
  'Twp': 64.1,
  'idkot': '0060'},
 {'MAX(Dateizm)': datetime.date(2025, 12, 2),
  'Pgw': 2.7,
  'Pwo': 2.0,
  'Pwp': 3.1,
  'Two': 62.8,
  'Twp': 71.7,
  'idkot': '0063'},
 {'MAX(Dateizm)': datetime.date(2025, 12, 2),
  'Pgw': 3.9,
  'Pwo': 2.4,
  'Pwp': 3.2,
  'Two': 73.2,
  'Twp': 77.9,
  'idkot': '0064'},
 {'MAX(Dateizm)': datetime.date(2025, 12, 2),
  'Pgw': 1.6,
  'Pwo': 1.6,
  'Pwp': 3.6,
  'Two': 62.9,
  'Twp': 78.9,
  'idkot': '0065'},
 {'MAX(Dateizm)': datetime.date(2025, 12, 2),
  'Pgw': 3.0,
  'Pwo': 3.0,
  'Pwp': 3.5,
  'Two': 66.7,
  'Twp': 77.2,
  'idkot': '0067'},
 {'MAX(Dateizm)': datetime.date(2025, 12, 2),
  'Pgw': 3.8,
  'Pwo': 2.2,
  'Pwp': 3.3,
  'Two': 60.8,
  'Twp': 69.9,
  'idkot': '0068'},
 {'MAX(Dateizm)': datetime.date(2025, 12, 2),
  'Pgw': 0.0,
  'Pwo': 2.5,
  'Pwp': 3.6,
  'Two': 65.2,
  'Twp': 78.5,
  'idkot': '0072'},
 {'MAX(Dateizm)': datetime.date(2025, 12, 2),
  'Pgw': 3.2,
  'Pwo': 1.8,
  'Pwp': 3.7,
  'Two': 59.8,
  'Twp': 76.0,
  'idkot': '0073'},
 {'MAX(Dateizm)': datetime.date(2025, 12, 2),
  'Pgw': 3.3,
  'Pwo': 1.7,
  'Pwp': 3.6,
  'Two': 68.4,
  'Twp': 75.5,
  'idkot': '0074'},
 {'MAX(Dateizm)': datetime.date(2025, 12, 2),
  'Pgw': 3.5,
  'Pwo': 1.4,
  'Pwp': 2.3,
  'Two': 61.0,
  'Twp': 71.0,
  'idkot': '0075'},
 {'MAX(Dateizm)': datetime.date(2025, 12, 2),
  'Pgw': 3.7,
  'Pwo': 2.1,
  'Pwp': 3.2,
  'Two': 60.1,
  'Twp': 68.1,
  'idkot': '0076'},
 {'MAX(Dateizm)': datetime.date(2025, 12, 2),
  'Pgw': 6.0,
  'Pwo': 1.7,
  'Pwp': 2.5,
  'Two': 64.3,
  'Twp': 79.2,
  'idkot': '0079'},
 {'MAX(Dateizm)': datetime.date(2025, 12, 2),
  'Pgw': 4.4,
  'Pwo': 2.3,
  'Pwp': 2.9,
  'Two': 63.5,
  'Twp': 73.6,
  'idkot': '0081'},
 {'MAX(Dateizm)': datetime.date(2025, 12, 2),
  'Pgw': 0.0,
  'Pwo': 0.0,
  'Pwp': 0.0,
  'Two': 0.0,
  'Twp': 0.0,
  'idkot': '0090'},
 {'MAX(Dateizm)': datetime.date(2025, 12, 2),
  'Pgw': None,
  'Pwo': None,
  'Pwp': None,
  'Two': None,
  'Twp': 64.3,
  'idkot': '0099'},
 {'MAX(Dateizm)': datetime.date(2025, 12, 2),
  'Pgw': None,
  'Pwo': None,
  'Pwp': None,
  'Two': None,
  'Twp': 72.1,
  'idkot': '0100'},
 {'MAX(Dateizm)': datetime.date(2025, 12, 2),
  'Pgw': 4.9,
  'Pwo': 2.9,
  'Pwp': 4.4,
  'Two': 58.2,
  'Twp': 75.5,
  'idkot': '0102'},
 {'MAX(Dateizm)': datetime.date(2025, 12, 2),
  'Pgw': None,
  'Pwo': 2.5,
  'Pwp': 2.9,
  'Two': None,
  'Twp': 78.0,
  'idkot': '0103'},
 {'MAX(Dateizm)': datetime.date(2025, 12, 2),
  'Pgw': 3.2,
  'Pwo': 2.2,
  'Pwp': 2.6,
  'Two': 58.8,
  'Twp': 64.7,
  'idkot': '0107'},
 {'MAX(Dateizm)': datetime.date(2025, 11, 26),
  'Pgw': 1.4,
  'Pwo': 1.2,
  'Pwp': 2.4,
  'Two': 56.3,
  'Twp': 65.6,
  'idkot': '0110'},
 {'MAX(Dateizm)': datetime.date(2025, 12, 2),
  'Pgw': 3.6,
  'Pwo': 2.5,
  'Pwp': 2.9,
  'Two': 55.7,
  'Twp': 66.8,
  'idkot': '0111'},
 {'MAX(Dateizm)': datetime.date(2025, 12, 2),
  'Pgw': None,
  'Pwo': None,
  'Pwp': None,
  'Two': None,
  'Twp': None,
  'idkot': '0116'},
 {'MAX(Dateizm)': datetime.date(2025, 12, 2),
  'Pgw': 3.4,
  'Pwo': 3.9,
  'Pwp': 4.6,
  'Two': 66.0,
  'Twp': 74.6,
  'idkot': '0211'},
 {'MAX(Dateizm)': datetime.date(2025, 12, 2),
  'Pgw': 9.7,
  'Pwo': 2.7,
  'Pwp': 5.3,
  'Two': 53.3,
  'Twp': 62.6,
  'idkot': '2017'}]
|12.02.2025 14:04:25| [ERROR]: Ошибка при выполнении unsupported operand type(s) for +: 'float' and 'NoneType'🔥


|12.02.2025 14:05:47| [INFO]: Начала опроса
|12.02.2025 14:06:08| [INFO]: Начала опроса
|12.02.2025 14:06:28| [INFO]: ДАННЫЕ С OPC: {'0014': {'Pgw': 3.1795925903320312,
          'Pwo': 3.879823913574219,
          'Pwp': 5.491703491210938,
          'Two': 52.04615783691406,
          'Twp': 67.25194549560547,
          'adr': '8 марта, 164Б'},
 '0021': {'Pgw': 3.1434262084960936,
          'Pwo': 3.2762725830078123,
          'Pwp': 4.635695495605469,
          'Two': 48.472938537597656,
          'Twp': 64.5643539428711,
          'adr': 'Пушкина, 65'},
 '0024': {'Pgw': 4.691795654296875,
          'Pwo': 0.9788521575927734,
          'Pwp': 2.7038214111328127,
          'Two': 42.02362823486328,
          'Twp': 44.21824645996094,
          'adr': 'Объездная, 31'},
 '0037': {'Pgw': 0.09527467727661133,
          'Pwo': 0.07619266033172607,
          'Pwp': 0.0919420337677002,
          'Two': 11.189181327819824,
          'Twp': 12.337089538574219,
          'adr': 'Балакирева, 5'},
 '0044': {'Pgw': 0.0,
          'Pwo': 0.0,
          'Pwp': 0.0,
          'Two': 0,
          'Twp': 0,
          'adr': 'Бабушкина, 2В'},
 '0048': {'Pgw': 4.355983276367187,
          'Pwo': 2.4819302368164062,
          'Pwp': 3.0588055419921876,
          'Two': 58.582794189453125,
          'Twp': 65.3563003540039,
          'adr': 'Фрунзе, 2'},
 '0049': {'Pgw': 0.04743924140930176,
          'Pwo': 0.018271390199661255,
          'Pwp': 0.02491607904434204,
          'Two': 63.47841262817383,
          'Twp': 69.9649658203125,
          'adr': 'Октябрьская, 159'},
 '0050': {'Pgw': 4.525179138183594,
          'Pwo': 2.4355790710449217,
          'Pwp': 3.6939971923828123,
          'Two': 38.60199737548828,
          'Twp': 44.502525329589844,
          'adr': 'Октябрьская, 66'},
 '0055': {'Pgw': 0.0250175404548645,
          'Pwo': 0.020094890594482422,
          'Pwp': 0.03585357904434204,
          'Two': 0,
          'Twp': 68.00979614257812,
          'adr': 'Репина, 146'},
 '0056': {'Pgw': 3.2860733032226563,
          'Pwo': 2.2549888610839846,
          'Pwp': 3.0376983642578126,
          'Two': 52.39015197753906,
          'Twp': 57.149993896484375,
          'adr': 'Дзержинского, 161'},
 '0060': {'Pgw': 0.0,
          'Pwo': 0.003372890055179596,
          'Pwp': 0.0048277899622917175,
          'Two': 54.54042053222656,
          'Twp': 69.63832092285156,
          'adr': 'Чапаева, 4'},
 '0063': {'Pgw': 3.7608493041992186,
          'Pwo': 2.3439059448242188,
          'Pwp': 3.054404296875,
          'Two': 59.09503936767578,
          'Twp': 66.2596435546875,
          'adr': 'Балахонова, 13'},
 '0064': {'Pgw': 0.031262619495391844,
          'Pwo': 0.022691299915313722,
          'Pwp': 0.03193474054336548,
          'Two': 52.409549713134766,
          'Twp': 63.15309524536133,
          'adr': 'Голенева, 46'},
 '0065': {'Pgw': 0.03751369953155517,
          'Pwo': 0.01699687957763672,
          'Pwp': 0.03136676073074341,
          'Two': 50.65643310546875,
          'Twp': 59.31190872192383,
          'adr': 'Краснофлотская 187'},
 '0067': {'Pgw': 3.1498077392578123,
          'Pwo': 2.2849269104003906,
          'Pwp': 3.520710754394531,
          'Two': 55.37250518798828,
          'Twp': 66.33660125732422,
          'adr': 'Пономарева 5'},
 '0068': {'Pgw': 3.5216357421875,
          'Pwo': 1.7519764709472656,
          'Pwp': 2.6604315185546876,
          'Two': 50.884544372558594,
          'Twp': 64.69721221923828,
          'adr': 'Шпаковская 85'},
 '0072': {'Pgw': 0.03807760000228882,
          'Pwo': 0.026567349433898924,
          'Pwp': 0.03729954957962036,
          'Two': 41.47263717651367,
          'Twp': 45.546112060546875,
          'adr': 'К. Маркса, 65'},
 '0073': {'Pgw': -0.02,
          'Pwo': 0.023826169967651366,
          'Pwp': 0.03704042911529541,
          'Two': 41.52204895019531,
          'Twp': 47.531925201416016,
          'adr': 'К. Маркса, 77'},
 '0074': {'Pgw': 3.94541748046875,
          'Pwo': 2.311931610107422,
          'Pwp': 4.009389953613281,
          'Two': 40.81483840942383,
          'Twp': 50.220359802246094,
          'adr': 'Фрунзе, 8'},
 '0075': {'Pgw': 4.2736767578125,
          'Pwo': 1.8580842590332032,
          'Pwp': 2.3685847473144532,
          'Two': 44.24973678588867,
          'Twp': 47.49766540527344,
          'adr': 'Голенева, 6а'},
 '0076': {'Pgw': 3.6680752563476564,
          'Pwo': 2.9054742431640626,
          'Pwp': 3.6014276123046876,
          'Two': 44.528343200683594,
          'Twp': 47.77095031738281,
          'adr': 'Серова, 451'},
 '0079': {'Pgw': 2.0489151000976564,
          'Pwo': 1.873497314453125,
          'Pwp': 2.814722595214844,
          'Two': 45.746124267578125,
          'Twp': 48.56156921386719,
          'adr': 'Гоголя, 36'},
 '0081': {'Pgw': 3.4563003540039063,
          'Pwo': 1.8744981384277344,
          'Pwp': 2.8894281005859375,
          'Two': 53.03290557861328,
          'Twp': 60.70350646972656,
          'adr': 'Воронежская, 14'},
 '0090': {'Pgw': 0.06991569995880127,
          'Pwo': 0.02131314992904663,
          'Pwp': 0.03327970027923584,
          'Two': 46.283077239990234,
          'Twp': 53.16008377075195,
          'adr': 'Селекционная станция 3'},
 '0099': {'Pgw': 0.0011019899696111679,
          'Pwo': 1.3638531494140624,
          'Pwp': 2.532944641113281,
          'Two': 58.327491760253906,
          'Twp': 67.88783264160156,
          'adr': 'Завокзальная, 33а к.А'},
 '0100': {'Pgw': 0.0,
          'Pwo': 0.0,
          'Pwp': 0.007402529716491699,
          'Two': 43.68628692626953,
          'Twp': 0,
          'adr': 'Завокзальная, 33а к.Б'},
 '0102': {'Pgw': 4.844428405761719,
          'Pwo': 2.8637539672851564,
          'Pwp': 5.011618957519532,
          'Two': 47.69076919555664,
          'Twp': 65.23970031738281,
          'adr': 'Партизанская, 1г'},
 '0103': {'Pgw': 0.0,
          'Pwo': 0.002055229991674423,
          'Pwp': 0.0024276599287986755,
          'Two': 0,
          'Twp': 61.08815002441406,
          'adr': 'Старомарьевское, 7'},
 '0107': {'Pgw': 4.476712646484375,
          'Pwo': 2.0440158081054687,
          'Pwp': 2.5028794860839843,
          'Two': 43.77964782714844,
          'Twp': 49.32325744628906,
          'adr': 'Абрамовой, 2'},
 '0110': {'Pgw': 0.0,
          'Pwo': 0.0,
          'Pwp': 0.0,
          'Two': 0,
          'Twp': 0,
          'adr': 'Старомарьевское, 3'},
 '0111': {'Pgw': 3.719776611328125,
          'Pwo': 2.9211962890625,
          'Pwp': 4.096623229980469,
          'Two': 63.05924987792969,
          'Twp': 71.02440643310547,
          'adr': '4-я Промышленная, 3'},
 '0116': {'Pgw': 0.0,
          'Pwo': 0.0,
          'Pwp': 0.026299490928649902,
          'Two': 0,
          'Twp': 65.36473846435547,
          'adr': '2й Юго-Западный, 9'},
 '0211': {'Pgw': 2.8240145874023437,
          'Pwo': 3.1063638305664063,
          'Pwp': 3.796104736328125,
          'Two': 60.734230041503906,
          'Twp': 70.77970123291016,
          'adr': 'Доваторцев, 86/3'},
 '2017': {'Pgw': 9.316827392578125,
          'Pwo': 2.9131512451171875,
          'Pwp': 5.607786865234375,
          'Two': 50.75762176513672,
          'Twp': 52.444915771484375,
          'adr': 'Р.Люксембург, 65'}}
|12.02.2025 14:06:28| [INFO]: ДАННЫЕ С БАЗЫ ДАННЫХ: [{'MAX(Dateizm)': datetime.date(2025, 12, 2),
  'Pgw': 0.0,
  'Pwo': 0.0,
  'Pwp': 0.0,
  'Two': 0.0,
  'Twp': 0.0,
  'idkot': '0014'},
 {'MAX(Dateizm)': datetime.date(2025, 12, 2),
  'Pgw': 3.1,
  'Pwo': 3.0,
  'Pwp': 3.1,
  'Two': 50.4,
  'Twp': 69.2,
  'idkot': '0021'},
 {'MAX(Dateizm)': datetime.date(2025, 12, 2),
  'Pgw': 4.7,
  'Pwo': 1.7,
  'Pwp': 2.5,
  'Two': 57.5,
  'Twp': 67.1,
  'idkot': '0024'},
 {'MAX(Dateizm)': datetime.date(2025, 12, 2),
  'Pgw': 3.7,
  'Pwo': 2.4,
  'Pwp': 3.7,
  'Two': 50.4,
  'Twp': 56.1,
  'idkot': '0037'},
 {'MAX(Dateizm)': datetime.date(2025, 12, 2),
  'Pgw': 3.4,
  'Pwo': 1.8,
  'Pwp': 2.5,
  'Two': 63.7,
  'Twp': 68.2,
  'idkot': '0048'},
 {'MAX(Dateizm)': datetime.date(2025, 12, 2),
  'Pgw': None,
  'Pwo': None,
  'Pwp': None,
  'Two': None,
  'Twp': None,
  'idkot': '0049'},
 {'MAX(Dateizm)': datetime.date(2025, 12, 2),
  'Pgw': 5.0,
  'Pwo': 2.2,
  'Pwp': 3.0,
  'Two': 58.5,
  'Twp': 67.2,
  'idkot': '0050'},
 {'MAX(Dateizm)': datetime.date(2025, 12, 2),
  'Pgw': 4.3,
  'Pwo': 1.0,
  'Pwp': 1.6,
  'Two': 65.3,
  'Twp': 73.7,
  'idkot': '0056'},
 {'MAX(Dateizm)': datetime.date(2025, 12, 2),
  'Pgw': None,
  'Pwo': 3.1,
  'Pwp': 4.5,
  'Two': 50.5,
  'Twp': 64.1,
  'idkot': '0060'},
 {'MAX(Dateizm)': datetime.date(2025, 12, 2),
  'Pgw': 2.7,
  'Pwo': 2.0,
  'Pwp': 3.1,
  'Two': 62.8,
  'Twp': 71.7,
  'idkot': '0063'},
 {'MAX(Dateizm)': datetime.date(2025, 12, 2),
  'Pgw': 3.9,
  'Pwo': 2.4,
  'Pwp': 3.2,
  'Two': 73.2,
  'Twp': 77.9,
  'idkot': '0064'},
 {'MAX(Dateizm)': datetime.date(2025, 12, 2),
  'Pgw': 1.6,
  'Pwo': 1.6,
  'Pwp': 3.6,
  'Two': 62.9,
  'Twp': 78.9,
  'idkot': '0065'},
 {'MAX(Dateizm)': datetime.date(2025, 12, 2),
  'Pgw': 3.0,
  'Pwo': 3.0,
  'Pwp': 3.5,
  'Two': 66.7,
  'Twp': 77.2,
  'idkot': '0067'},
 {'MAX(Dateizm)': datetime.date(2025, 12, 2),
  'Pgw': 3.8,
  'Pwo': 2.2,
  'Pwp': 3.3,
  'Two': 60.8,
  'Twp': 69.9,
  'idkot': '0068'},
 {'MAX(Dateizm)': datetime.date(2025, 12, 2),
  'Pgw': 0.0,
  'Pwo': 2.5,
  'Pwp': 3.6,
  'Two': 65.2,
  'Twp': 78.5,
  'idkot': '0072'},
 {'MAX(Dateizm)': datetime.date(2025, 12, 2),
  'Pgw': 3.2,
  'Pwo': 1.8,
  'Pwp': 3.7,
  'Two': 59.8,
  'Twp': 76.0,
  'idkot': '0073'},
 {'MAX(Dateizm)': datetime.date(2025, 12, 2),
  'Pgw': 3.3,
  'Pwo': 1.7,
  'Pwp': 3.6,
  'Two': 68.4,
  'Twp': 75.5,
  'idkot': '0074'},
 {'MAX(Dateizm)': datetime.date(2025, 12, 2),
  'Pgw': 3.5,
  'Pwo': 1.4,
  'Pwp': 2.3,
  'Two': 61.0,
  'Twp': 71.0,
  'idkot': '0075'},
 {'MAX(Dateizm)': datetime.date(2025, 12, 2),
  'Pgw': 3.7,
  'Pwo': 2.1,
  'Pwp': 3.2,
  'Two': 60.1,
  'Twp': 68.1,
  'idkot': '0076'},
 {'MAX(Dateizm)': datetime.date(2025, 12, 2),
  'Pgw': 6.0,
  'Pwo': 1.7,
  'Pwp': 2.5,
  'Two': 64.3,
  'Twp': 79.2,
  'idkot': '0079'},
 {'MAX(Dateizm)': datetime.date(2025, 12, 2),
  'Pgw': 4.4,
  'Pwo': 2.3,
  'Pwp': 2.9,
  'Two': 63.5,
  'Twp': 73.6,
  'idkot': '0081'},
 {'MAX(Dateizm)': datetime.date(2025, 12, 2),
  'Pgw': 0.0,
  'Pwo': 0.0,
  'Pwp': 0.0,
  'Two': 0.0,
  'Twp': 0.0,
  'idkot': '0090'},
 {'MAX(Dateizm)': datetime.date(2025, 12, 2),
  'Pgw': None,
  'Pwo': None,
  'Pwp': None,
  'Two': None,
  'Twp': 64.3,
  'idkot': '0099'},
 {'MAX(Dateizm)': datetime.date(2025, 12, 2),
  'Pgw': None,
  'Pwo': None,
  'Pwp': None,
  'Two': None,
  'Twp': 72.1,
  'idkot': '0100'},
 {'MAX(Dateizm)': datetime.date(2025, 12, 2),
  'Pgw': 4.9,
  'Pwo': 2.9,
  'Pwp': 4.4,
  'Two': 58.2,
  'Twp': 75.5,
  'idkot': '0102'},
 {'MAX(Dateizm)': datetime.date(2025, 12, 2),
  'Pgw': None,
  'Pwo': 2.5,
  'Pwp': 2.9,
  'Two': None,
  'Twp': 78.0,
  'idkot': '0103'},
 {'MAX(Dateizm)': datetime.date(2025, 12, 2),
  'Pgw': 3.2,
  'Pwo': 2.2,
  'Pwp': 2.6,
  'Two': 58.8,
  'Twp': 64.7,
  'idkot': '0107'},
 {'MAX(Dateizm)': datetime.date(2025, 11, 26),
  'Pgw': 1.4,
  'Pwo': 1.2,
  'Pwp': 2.4,
  'Two': 56.3,
  'Twp': 65.6,
  'idkot': '0110'},
 {'MAX(Dateizm)': datetime.date(2025, 12, 2),
  'Pgw': 3.6,
  'Pwo': 2.5,
  'Pwp': 2.9,
  'Two': 55.7,
  'Twp': 66.8,
  'idkot': '0111'},
 {'MAX(Dateizm)': datetime.date(2025, 12, 2),
  'Pgw': None,
  'Pwo': None,
  'Pwp': None,
  'Two': None,
  'Twp': None,
  'idkot': '0116'},
 {'MAX(Dateizm)': datetime.date(2025, 12, 2),
  'Pgw': 3.4,
  'Pwo': 3.9,
  'Pwp': 4.6,
  'Two': 66.0,
  'Twp': 74.6,
  'idkot': '0211'},
 {'MAX(Dateizm)': datetime.date(2025, 12, 2),
  'Pgw': 9.7,
  'Pwo': 2.7,
  'Pwp': 5.3,
  'Two': 53.3,
  'Twp': 62.6,
  'idkot': '2017'}]
|12.02.2025 14:06:28| [ERROR]: ⛔️ Нет связи с OPC для Старомарьевское, 3 (idkot=0110) — Будет пропущена
|12.02.2025 14:06:28| [INFO]: ДАННЫЕ КОТОРЫЕ ИДУТ В БАЗУ ДАННЫХ: {'0014': {'Pgw': 3.18,
          'Pwo': 3.88,
          'Pwp': 5.49,
          'Two': 52.05,
          'Twp': 67.25,
          'adr': '8 марта, 164Б'},
 '0021': {'Pgw': 3.12,
          'Pwo': 3.14,
          'Pwp': 3.87,
          'Two': 49.44,
          'Twp': 66.88,
          'adr': 'Пушкина, 65'},
 '0024': {'Pgw': 4.7,
          'Pwo': 1.34,
          'Pwp': 2.6,
          'Two': 49.76,
          'Twp': 55.66,
          'adr': 'Объездная, 31'},
 '0037': {'Pgw': 1.9,
          'Pwo': 1.24,
          'Pwp': 1.9,
          'Two': 30.79,
          'Twp': 34.22,
          'adr': 'Балакирева, 5'},
 '0048': {'Pgw': 3.88,
          'Pwo': 2.14,
          'Pwp': 2.78,
          'Two': 61.14,
          'Twp': 66.78,
          'adr': 'Фрунзе, 2'},
 '0049': {'Pgw': 0.05,
          'Pwo': 0.02,
          'Pwp': 0.02,
          'Two': 63.48,
          'Twp': 69.96,
          'adr': 'Октябрьская, 159'},
 '0050': {'Pgw': 4.76,
          'Pwo': 2.32,
          'Pwp': 3.35,
          'Two': 48.55,
          'Twp': 55.85,
          'adr': 'Октябрьская, 66'},
 '0056': {'Pgw': 3.79,
          'Pwo': 1.63,
          'Pwp': 2.32,
          'Two': 58.85,
          'Twp': 65.42,
          'adr': 'Дзержинского, 161'},
 '0060': {'Pgw': 0.0,
          'Pwo': 1.55,
          'Pwp': 2.25,
          'Two': 52.52,
          'Twp': 66.87,
          'adr': 'Чапаева, 4'},
 '0063': {'Pgw': 3.23,
          'Pwo': 2.17,
          'Pwp': 3.08,
          'Two': 60.95,
          'Twp': 68.98,
          'adr': 'Балахонова, 13'},
 '0064': {'Pgw': 1.97,
          'Pwo': 1.21,
          'Pwp': 1.62,
          'Two': 62.8,
          'Twp': 70.53,
          'adr': 'Голенева, 46'},
 '0065': {'Pgw': 0.82,
          'Pwo': 0.81,
          'Pwp': 1.82,
          'Two': 56.78,
          'Twp': 69.11,
          'adr': 'Краснофлотская 187'},
 '0067': {'Pgw': 3.07,
          'Pwo': 2.64,
          'Pwp': 3.51,
          'Two': 61.04,
          'Twp': 71.77,
          'adr': 'Пономарева 5'},
 '0068': {'Pgw': 3.66,
          'Pwo': 1.98,
          'Pwp': 2.98,
          'Two': 55.84,
          'Twp': 67.3,
          'adr': 'Шпаковская 85'},
 '0072': {'Pgw': 0.04,
          'Pwo': 1.26,
          'Pwp': 1.82,
          'Two': 53.34,
          'Twp': 62.02,
          'adr': 'К. Маркса, 65'},
 '0073': {'Pgw': 1.59,
          'Pwo': 0.91,
          'Pwp': 1.87,
          'Two': 50.66,
          'Twp': 61.77,
          'adr': 'К. Маркса, 77'},
 '0074': {'Pgw': 3.62,
          'Pwo': 2.01,
          'Pwp': 3.8,
          'Two': 54.61,
          'Twp': 62.86,
          'adr': 'Фрунзе, 8'},
 '0075': {'Pgw': 3.89,
          'Pwo': 1.63,
          'Pwp': 2.33,
          'Two': 52.62,
          'Twp': 59.25,
          'adr': 'Голенева, 6а'},
 '0076': {'Pgw': 3.68,
          'Pwo': 2.5,
          'Pwp': 3.4,
          'Two': 52.31,
          'Twp': 57.94,
          'adr': 'Серова, 451'},
 '0079': {'Pgw': 4.02,
          'Pwo': 1.79,
          'Pwp': 2.66,
          'Two': 55.02,
          'Twp': 63.88,
          'adr': 'Гоголя, 36'},
 '0081': {'Pgw': 3.93,
          'Pwo': 2.09,
          'Pwp': 2.89,
          'Two': 58.27,
          'Twp': 67.15,
          'adr': 'Воронежская, 14'},
 '0090': {'Pgw': 0.07,
          'Pwo': 0.02,
          'Pwp': 0.03,
          'Two': 46.28,
          'Twp': 53.16,
          'adr': 'Селекционная станция 3'},
 '0099': {'Pgw': 0.0,
          'Pwo': 1.36,
          'Pwp': 2.53,
          'Two': 58.33,
          'Twp': 66.09,
          'adr': 'Завокзальная, 33а к.А'},
 '0100': {'Pgw': 0.0,
          'Pwo': 0.0,
          'Pwp': 0.01,
          'Two': 43.69,
          'Twp': 72.1,
          'adr': 'Завокзальная, 33а к.Б'},
 '0102': {'Pgw': 4.87,
          'Pwo': 2.88,
          'Pwp': 4.71,
          'Two': 52.95,
          'Twp': 70.37,
          'adr': 'Партизанская, 1г'},
 '0103': {'Pgw': 0.0,
          'Pwo': 1.25,
          'Pwp': 1.45,
          'Two': 0.0,
          'Twp': 69.54,
          'adr': 'Старомарьевское, 7'},
 '0107': {'Pgw': 3.84,
          'Pwo': 2.12,
          'Pwp': 2.55,
          'Two': 51.29,
          'Twp': 57.01,
          'adr': 'Абрамовой, 2'},
 '0111': {'Pgw': 3.66,
          'Pwo': 2.71,
          'Pwp': 3.5,
          'Two': 59.38,
          'Twp': 68.91,
          'adr': '4-я Промышленная, 3'},
 '0116': {'Pgw': 0.0,
          'Pwo': 0.0,
          'Pwp': 0.03,
          'Two': 0.0,
          'Twp': 65.36,
          'adr': '2й Юго-Западный, 9'},
 '0211': {'Pgw': 3.11,
          'Pwo': 3.5,
          'Pwp': 4.2,
          'Two': 63.37,
          'Twp': 72.69,
          'adr': 'Доваторцев, 86/3'},
 '2017': {'Pgw': 9.51,
          'Pwo': 2.81,
          'Pwp': 5.45,
          'Two': 52.03,
          'Twp': 57.52,
          'adr': 'Р.Люксембург, 65'}}
|12.02.2025 14:06:37| [INFO]: ✅ Все данные за 2025-12-02 успешно обработаны
|12.02.2025 14:06:37| [INFO]: Опрос завершен
|12.02.2025 14:16:12| [INFO]: Начала опроса
|12.02.2025 14:16:13| [ERROR]: Ошибка ноды The operation failed.(Bad) ns=1;s=GPRS 2061.SMH4.Group1.ain6[MC]value
|12.02.2025 14:16:13| [ERROR]: Ошибка ноды The operation failed.(Bad) ns=1;s=GPRS 2061.SMH4.Group1.ain0[MC]value
|12.02.2025 14:16:14| [ERROR]: Ошибка ноды The operation failed.(Bad) ns=1;s=GPRS 2061.SMH4.Group1.ain1[MC]value
|12.02.2025 14:16:14| [ERROR]: Ошибка ноды The operation failed.(Bad) ns=1;s=GPRS 2061.SMH4.Group1.ain2[MC]value
|12.02.2025 14:16:14| [ERROR]: Ошибка ноды The operation failed.(Bad) ns=1;s=GPRS 2061.SMH4.Group1.ain3[MC]value
|12.02.2025 14:16:30| [ERROR]: Ошибка ноды The operation failed.(Bad) ns=1;s=GPRS 2092.КТР-121.Параметры.ia_Twd
|12.02.2025 14:16:30| [ERROR]: Ошибка ноды The operation failed.(Bad) ns=1;s=GPRS 2092.КТР-121.Параметры.ia_Pwd
|12.02.2025 14:16:31| [INFO]: ДАННЫЕ С OPC: {'0014': {'Pgw': 3.1797589111328124,
          'Pwo': 4.210034790039063,
          'Pwp': 5.798908081054687,
          'Two': 52.633689880371094,
          'Twp': 67.18978881835938,
          'adr': '8 марта, 164Б'},
 '0021': {'Pgw': 3.1138784790039065,
          'Pwo': 3.2047494506835936,
          'Pwp': 4.5527212524414065,
          'Two': 48.80842590332031,
          'Twp': 64.65780639648438,
          'adr': 'Пушкина, 65'},
 '0024': {'Pgw': 4.6909375,
          'Pwo': 1.012984161376953,
          'Pwp': 2.7843527221679687,
          'Two': 42.11552429199219,
          'Twp': 46.1624755859375,
          'adr': 'Объездная, 31'},
 '0037': {'Pgw': 0.09611051559448242,
          'Pwo': 0.0764325189590454,
          'Pwp': 0.09246698379516602,
          'Two': 11.197537422180176,
          'Twp': 12.304483413696289,
          'adr': 'Балакирева, 5'},
 '0044': {'Pgw': 0.0,
          'Pwo': 0.0,
          'Pwp': 0.0,
          'Two': 0,
          'Twp': 0,
          'adr': 'Бабушкина, 2В'},
 '0048': {'Pgw': 4.48964111328125,
          'Pwo': 2.360618896484375,
          'Pwp': 3.0619967651367186,
          'Two': 58.16800308227539,
          'Twp': 71.6996078491211,
          'adr': 'Фрунзе, 2'},
 '0049': {'Pgw': 0.04840812206268311,
          'Pwo': 0.018331300020217895,
          'Pwp': 0.024866950511932374,
          'Two': 63.89747619628906,
          'Twp': 67.63949584960938,
          'adr': 'Октябрьская, 159'},
 '0050': {'Pgw': 4.692744140625,
          'Pwo': 2.436609649658203,
          'Pwp': 3.7134649658203127,
          'Two': 38.62523651123047,
          'Twp': 44.621856689453125,
          'adr': 'Октябрьская, 66'},
 '0055': {'Pgw': 0.024985349178314208,
          'Pwo': 0.019866700172424315,
          'Pwp': 0.035846309661865236,
          'Two': 0,
          'Twp': 67.4756088256836,
          'adr': 'Репина, 146'},
 '0056': {'Pgw': 3.3763671875,
          'Pwo': 2.2200225830078124,
          'Pwp': 3.0501593017578124,
          'Two': 52.446372985839844,
          'Twp': 57.12688446044922,
          'adr': 'Дзержинского, 161'},
 '0060': {'Pgw': 0.0,
          'Pwo': 0.0034765800833702087,
          'Pwp': 0.004809469878673553,
          'Two': 54.69825744628906,
          'Twp': 69.41722106933594,
          'adr': 'Чапаева, 4'},
 '0063': {'Pgw': 3.7326541137695313,
          'Pwo': 2.325974884033203,
          'Pwp': 3.035847473144531,
          'Two': 58.82428741455078,
          'Twp': 65.86212921142578,
          'adr': 'Балахонова, 13'},
 '0064': {'Pgw': 0.031007540225982667,
          'Pwo': 0.022775030136108397,
          'Pwp': 0.03201256036758423,
          'Two': 52.4443473815918,
          'Twp': 63.08685302734375,
          'adr': 'Голенева, 46'},
 '0065': {'Pgw': 0.0,
          'Pwo': 0.0,
          'Pwp': 0.0,
          'Two': 0,
          'Twp': 0,
          'adr': 'Краснофлотская 187'},
 '0067': {'Pgw': 3.019073486328125,
          'Pwo': 2.2817478942871094,
          'Pwp': 3.460777587890625,
          'Two': 55.384117126464844,
          'Twp': 66.92948913574219,
          'adr': 'Пономарева 5'},
 '0068': {'Pgw': 3.5236468505859375,
          'Pwo': 1.7545674133300782,
          'Pwp': 2.648839111328125,
          'Two': 50.655860900878906,
          'Twp': 66.22534942626953,
          'adr': 'Шпаковская 85'},
 '0072': {'Pgw': 0.038354790210723876,
          'Pwo': 0.026558001041412354,
          'Pwp': 0.037392559051513674,
          'Two': 41.555152893066406,
          'Twp': 47.547950744628906,
          'adr': 'К. Маркса, 65'},
 '0073': {'Pgw': -0.02,
          'Pwo': 0.023857150077819824,
          'Pwp': 0.037078249454498294,
          'Two': 41.53089141845703,
          'Twp': 47.59319305419922,
          'adr': 'К. Маркса, 77'},
 '0074': {'Pgw': 3.978138122558594,
          'Pwo': 2.4237289428710938,
          'Pwp': 4.04206298828125,
          'Two': 41.549381256103516,
          'Twp': 49.931884765625,
          'adr': 'Фрунзе, 8'},
 '0075': {'Pgw': 4.329954528808594,
          'Pwo': 1.8612831115722657,
          'Pwp': 2.3721649169921877,
          'Two': 44.55451965332031,
          'Twp': 49.63780212402344,
          'adr': 'Голенева, 6а'},
 '0076': {'Pgw': 3.5852020263671873,
          'Pwo': 2.8763348388671877,
          'Pwp': 3.591780090332031,
          'Two': 44.51677703857422,
          'Twp': 54.74390411376953,
          'adr': 'Серова, 451'},
 '0079': {'Pgw': 1.9546836853027343,
          'Pwo': 1.8150770568847656,
          'Pwp': 2.7557473754882813,
          'Two': 45.421669006347656,
          'Twp': 49.60276794433594,
          'adr': 'Гоголя, 36'},
 '0081': {'Pgw': 3.3987969970703125,
          'Pwo': 1.8443328857421875,
          'Pwp': 2.8950228881835938,
          'Two': 52.33821105957031,
          'Twp': 62.014976501464844,
          'adr': 'Воронежская, 14'},
 '0090': {'Pgw': 0.06976280212402344,
          'Pwo': 0.021341478824615477,
          'Pwp': 0.03334974050521851,
          'Two': 46.26710510253906,
          'Twp': 53.17725372314453,
          'adr': 'Селекционная станция 3'},
 '0099': {'Pgw': 0.003367390036582947,
          'Pwo': 1.343128662109375,
          'Pwp': 2.432004241943359,
          'Two': 57.90592956542969,
          'Twp': 65.09081268310547,
          'adr': 'Завокзальная, 33а к.А'},
 '0100': {'Pgw': 0.0,
          'Pwo': 0.0,
          'Pwp': 0.0,
          'Two': 0,
          'Twp': 0,
          'adr': 'Завокзальная, 33а к.Б'},
 '0102': {'Pgw': 4.815846252441406,
          'Pwo': 2.877438659667969,
          'Pwp': 5.014944458007813,
          'Two': 48.38264846801758,
          'Twp': 64.7889404296875,
          'adr': 'Партизанская, 1г'},
 '0103': {'Pgw': 0.0,
          'Pwo': 0.0020935000479221345,
          'Pwp': 0.0024480000138282776,
          'Two': 0,
          'Twp': 64.86418151855469,
          'adr': 'Старомарьевское, 7'},
 '0107': {'Pgw': 4.524491577148438,
          'Pwo': 2.0223207092285156,
          'Pwp': 2.490533905029297,
          'Two': 43.75652313232422,
          'Twp': 49.55744934082031,
          'adr': 'Абрамовой, 2'},
 '0110': {'Pgw': 0.0,
          'Pwo': 0.0,
          'Pwp': 0.0,
          'Two': 0,
          'Twp': 0,
          'adr': 'Старомарьевское, 3'},
 '0111': {'Pgw': 3.82763671875,
          'Pwo': 2.782303771972656,
          'Pwp': 4.061446838378906,
          'Two': 63.082183837890625,
          'Twp': 69.80632019042969,
          'adr': '4-я Промышленная, 3'},
 '0116': {'Pgw': 0.0,
          'Pwo': 0.0,
          'Pwp': 0.026328620910644532,
          'Two': 0,
          'Twp': 68.318359375,
          'adr': '2й Юго-Западный, 9'},
 '0211': {'Pgw': 2.851429748535156,
          'Pwo': 3.0113156127929686,
          'Pwp': 3.728149108886719,
          'Two': 59.89874267578125,
          'Twp': 67.7763442993164,
          'adr': 'Доваторцев, 86/3'},
 '2017': {'Pgw': 9.27747802734375,
          'Pwo': 2.9258071899414064,
          'Pwp': 5.609417114257813,
          'Two': 50.652870178222656,
          'Twp': 52.35204315185547,
          'adr': 'Р.Люксембург, 65'}}
|12.02.2025 14:16:31| [INFO]: ДАННЫЕ С БАЗЫ ДАННЫХ: [{'MAX(Dateizm)': datetime.date(2025, 12, 2),
  'Pgw': 0.0,
  'Pwo': 0.0,
  'Pwp': 0.0,
  'Two': 0.0,
  'Twp': 0.0,
  'idkot': '0014'},
 {'MAX(Dateizm)': datetime.date(2025, 12, 2),
  'Pgw': 3.1,
  'Pwo': 3.0,
  'Pwp': 3.1,
  'Two': 50.4,
  'Twp': 69.2,
  'idkot': '0021'},
 {'MAX(Dateizm)': datetime.date(2025, 12, 2),
  'Pgw': 4.7,
  'Pwo': 1.7,
  'Pwp': 2.5,
  'Two': 57.5,
  'Twp': 67.1,
  'idkot': '0024'},
 {'MAX(Dateizm)': datetime.date(2025, 12, 2),
  'Pgw': 3.7,
  'Pwo': 2.4,
  'Pwp': 3.7,
  'Two': 50.4,
  'Twp': 56.1,
  'idkot': '0037'},
 {'MAX(Dateizm)': datetime.date(2025, 12, 2),
  'Pgw': 3.4,
  'Pwo': 1.8,
  'Pwp': 2.5,
  'Two': 63.7,
  'Twp': 68.2,
  'idkot': '0048'},
 {'MAX(Dateizm)': datetime.date(2025, 12, 2),
  'Pgw': None,
  'Pwo': None,
  'Pwp': None,
  'Two': None,
  'Twp': None,
  'idkot': '0049'},
 {'MAX(Dateizm)': datetime.date(2025, 12, 2),
  'Pgw': 5.0,
  'Pwo': 2.2,
  'Pwp': 3.0,
  'Two': 58.5,
  'Twp': 67.2,
  'idkot': '0050'},
 {'MAX(Dateizm)': datetime.date(2025, 12, 2),
  'Pgw': 4.3,
  'Pwo': 1.0,
  'Pwp': 1.6,
  'Two': 65.3,
  'Twp': 73.7,
  'idkot': '0056'},
 {'MAX(Dateizm)': datetime.date(2025, 12, 2),
  'Pgw': None,
  'Pwo': 3.1,
  'Pwp': 4.5,
  'Two': 50.5,
  'Twp': 64.1,
  'idkot': '0060'},
 {'MAX(Dateizm)': datetime.date(2025, 12, 2),
  'Pgw': 2.7,
  'Pwo': 2.0,
  'Pwp': 3.1,
  'Two': 62.8,
  'Twp': 71.7,
  'idkot': '0063'},
 {'MAX(Dateizm)': datetime.date(2025, 12, 2),
  'Pgw': 3.9,
  'Pwo': 2.4,
  'Pwp': 3.2,
  'Two': 73.2,
  'Twp': 77.9,
  'idkot': '0064'},
 {'MAX(Dateizm)': datetime.date(2025, 12, 2),
  'Pgw': 1.6,
  'Pwo': 1.6,
  'Pwp': 3.6,
  'Two': 62.9,
  'Twp': 78.9,
  'idkot': '0065'},
 {'MAX(Dateizm)': datetime.date(2025, 12, 2),
  'Pgw': 3.0,
  'Pwo': 3.0,
  'Pwp': 3.5,
  'Two': 66.7,
  'Twp': 77.2,
  'idkot': '0067'},
 {'MAX(Dateizm)': datetime.date(2025, 12, 2),
  'Pgw': 3.8,
  'Pwo': 2.2,
  'Pwp': 3.3,
  'Two': 60.8,
  'Twp': 69.9,
  'idkot': '0068'},
 {'MAX(Dateizm)': datetime.date(2025, 12, 2),
  'Pgw': 0.0,
  'Pwo': 2.5,
  'Pwp': 3.6,
  'Two': 65.2,
  'Twp': 78.5,
  'idkot': '0072'},
 {'MAX(Dateizm)': datetime.date(2025, 12, 2),
  'Pgw': 3.2,
  'Pwo': 1.8,
  'Pwp': 3.7,
  'Two': 59.8,
  'Twp': 76.0,
  'idkot': '0073'},
 {'MAX(Dateizm)': datetime.date(2025, 12, 2),
  'Pgw': 3.3,
  'Pwo': 1.7,
  'Pwp': 3.6,
  'Two': 68.4,
  'Twp': 75.5,
  'idkot': '0074'},
 {'MAX(Dateizm)': datetime.date(2025, 12, 2),
  'Pgw': 3.5,
  'Pwo': 1.4,
  'Pwp': 2.3,
  'Two': 61.0,
  'Twp': 71.0,
  'idkot': '0075'},
 {'MAX(Dateizm)': datetime.date(2025, 12, 2),
  'Pgw': 3.7,
  'Pwo': 2.1,
  'Pwp': 3.2,
  'Two': 60.1,
  'Twp': 68.1,
  'idkot': '0076'},
 {'MAX(Dateizm)': datetime.date(2025, 12, 2),
  'Pgw': 6.0,
  'Pwo': 1.7,
  'Pwp': 2.5,
  'Two': 64.3,
  'Twp': 79.2,
  'idkot': '0079'},
 {'MAX(Dateizm)': datetime.date(2025, 12, 2),
  'Pgw': 4.4,
  'Pwo': 2.3,
  'Pwp': 2.9,
  'Two': 63.5,
  'Twp': 73.6,
  'idkot': '0081'},
 {'MAX(Dateizm)': datetime.date(2025, 12, 2),
  'Pgw': 0.0,
  'Pwo': 0.0,
  'Pwp': 0.0,
  'Two': 0.0,
  'Twp': 0.0,
  'idkot': '0090'},
 {'MAX(Dateizm)': datetime.date(2025, 12, 2),
  'Pgw': None,
  'Pwo': None,
  'Pwp': None,
  'Two': None,
  'Twp': 64.3,
  'idkot': '0099'},
 {'MAX(Dateizm)': datetime.date(2025, 12, 2),
  'Pgw': None,
  'Pwo': None,
  'Pwp': None,
  'Two': None,
  'Twp': 72.1,
  'idkot': '0100'},
 {'MAX(Dateizm)': datetime.date(2025, 12, 2),
  'Pgw': 4.9,
  'Pwo': 2.9,
  'Pwp': 4.4,
  'Two': 58.2,
  'Twp': 75.5,
  'idkot': '0102'},
 {'MAX(Dateizm)': datetime.date(2025, 12, 2),
  'Pgw': None,
  'Pwo': 2.5,
  'Pwp': 2.9,
  'Two': None,
  'Twp': 78.0,
  'idkot': '0103'},
 {'MAX(Dateizm)': datetime.date(2025, 12, 2),
  'Pgw': 3.2,
  'Pwo': 2.2,
  'Pwp': 2.6,
  'Two': 58.8,
  'Twp': 64.7,
  'idkot': '0107'},
 {'MAX(Dateizm)': datetime.date(2025, 11, 26),
  'Pgw': 1.4,
  'Pwo': 1.2,
  'Pwp': 2.4,
  'Two': 56.3,
  'Twp': 65.6,
  'idkot': '0110'},
 {'MAX(Dateizm)': datetime.date(2025, 12, 2),
  'Pgw': 3.6,
  'Pwo': 2.5,
  'Pwp': 2.9,
  'Two': 55.7,
  'Twp': 66.8,
  'idkot': '0111'},
 {'MAX(Dateizm)': datetime.date(2025, 12, 2),
  'Pgw': None,
  'Pwo': None,
  'Pwp': None,
  'Two': None,
  'Twp': None,
  'idkot': '0116'},
 {'MAX(Dateizm)': datetime.date(2025, 12, 2),
  'Pgw': 3.4,
  'Pwo': 3.9,
  'Pwp': 4.6,
  'Two': 66.0,
  'Twp': 74.6,
  'idkot': '0211'},
 {'MAX(Dateizm)': datetime.date(2025, 12, 2),
  'Pgw': 9.7,
  'Pwo': 2.7,
  'Pwp': 5.3,
  'Two': 53.3,
  'Twp': 62.6,
  'idkot': '2017'}]
|12.02.2025 14:16:31| [ERROR]: ⛔️ Нет связи с OPC для Шпаковская 85 (idkot=0068) — Будет пропущена
|12.02.2025 14:16:31| [ERROR]: ⛔️ Нет связи с OPC для Пономарева 5 (idkot=0067) — Будет пропущена
|12.02.2025 14:16:31| [ERROR]: ⛔️ Нет связи с OPC для Балахонова, 13 (idkot=0063) — Будет пропущена
|12.02.2025 14:16:31| [ERROR]: ⛔️ Нет связи с OPC для Серова, 451 (idkot=0076) — Будет пропущена
|12.02.2025 14:16:31| [ERROR]: ⛔️ Нет связи с OPC для Фрунзе, 8 (idkot=0074) — Будет пропущена
|12.02.2025 14:16:31| [ERROR]: ⛔️ Нет связи с OPC для Гоголя, 36 (idkot=0079) — Будет пропущена
|12.02.2025 14:16:31| [ERROR]: ⛔️ Нет связи с OPC для Голенева, 6а (idkot=0075) — Будет пропущена
|12.02.2025 14:16:31| [ERROR]: ⛔️ Нет связи с OPC для Воронежская, 14 (idkot=0081) — Будет пропущена
|12.02.2025 14:16:31| [ERROR]: ⛔️ Нет связи с OPC для 4-я Промышленная, 3 (idkot=0111) — Будет пропущена
|12.02.2025 14:16:31| [ERROR]: ⛔️ Нет связи с OPC для Абрамовой, 2 (idkot=0107) — Будет пропущена
|12.02.2025 14:16:31| [ERROR]: ⛔️ Нет связи с OPC для Партизанская, 1г (idkot=0102) — Будет пропущена
|12.02.2025 14:16:31| [ERROR]: ⛔️ Нет связи с OPC для Фрунзе, 2 (idkot=0048) — Будет пропущена
|12.02.2025 14:16:31| [ERROR]: ⛔️ Нет связи с OPC для Пушкина, 65 (idkot=0021) — Будет пропущена
|12.02.2025 14:16:31| [ERROR]: ⛔️ Нет связи с OPC для Р.Люксембург, 65 (idkot=2017) — Будет пропущена
|12.02.2025 14:16:31| [ERROR]: ⛔️ Нет связи с OPC для Октябрьская, 66 (idkot=0050) — Будет пропущена
|12.02.2025 14:16:31| [ERROR]: ⛔️ Нет связи с OPC для Дзержинского, 161 (idkot=0056) — Будет пропущена
|12.02.2025 14:16:31| [ERROR]: ⛔️ Нет связи с OPC для Объездная, 31 (idkot=0024) — Будет пропущена
|12.02.2025 14:16:31| [ERROR]: ⛔️ Нет связи с OPC для Доваторцев, 86/3 (idkot=0211) — Будет пропущена
|12.02.2025 14:16:31| [ERROR]: ⛔️ Нет связи с OPC для 8 марта, 164Б (idkot=0014) — Будет пропущена
|12.02.2025 14:16:31| [INFO]: ДАННЫЕ КОТОРЫЕ ИДУТ В БАЗУ ДАННЫХ: {'0037': {'Pgw': 1.9,
          'Pwo': 1.24,
          'Pwp': 1.9,
          'Two': 50.4,
          'Twp': 56.1,
          'adr': 'Балакирева, 5'},
 '0049': {'Pgw': 0.05,
          'Pwo': 0.02,
          'Pwp': 0.02,
          'Two': 0.0,
          'Twp': 0.0,
          'adr': 'Октябрьская, 159'},
 '0060': {'Pgw': 0.0,
          'Pwo': 1.55,
          'Pwp': 2.25,
          'Two': 50.5,
          'Twp': 64.1,
          'adr': 'Чапаева, 4'},
 '0064': {'Pgw': 1.97,
          'Pwo': 1.21,
          'Pwp': 1.62,
          'Two': 73.2,
          'Twp': 77.9,
          'adr': 'Голенева, 46'},
 '0065': {'Pgw': 0.8,
          'Pwo': 0.8,
          'Pwp': 1.8,
          'Two': 31.45,
          'Twp': 39.45,
          'adr': 'Краснофлотская 187'},
 '0072': {'Pgw': 0.04,
          'Pwo': 1.26,
          'Pwp': 1.82,
          'Two': 65.2,
          'Twp': 78.5,
          'adr': 'К. Маркса, 65'},
 '0073': {'Pgw': 1.59,
          'Pwo': 0.91,
          'Pwp': 1.87,
          'Two': 59.8,
          'Twp': 76.0,
          'adr': 'К. Маркса, 77'},
 '0090': {'Pgw': 0.07,
          'Pwo': 0.02,
          'Pwp': 0.03,
          'Two': 0.0,
          'Twp': 0.0,
          'adr': 'Селекционная станция 3'},
 '0099': {'Pgw': 0.0,
          'Pwo': 0.0,
          'Pwp': 0.0,
          'Two': 0.0,
          'Twp': 64.3,
          'adr': 'Завокзальная, 33а к.А'},
 '0100': {'Pgw': 0.0,
          'Pwo': 0.0,
          'Pwp': 0.0,
          'Two': 0,
          'Twp': 36.05,
          'adr': 'Завокзальная, 33а к.Б'},
 '0103': {'Pgw': 0.0,
          'Pwo': 1.25,
          'Pwp': 1.45,
          'Two': 0,
          'Twp': 78.0,
          'adr': 'Старомарьевское, 7'},
 '0110': {'Pgw': 0.0,
          'Pwo': 0.0,
          'Pwp': 0.0,
          'Two': 0,
          'Twp': 0,
          'adr': 'Старомарьевское, 3'},
 '0116': {'Pgw': 0.0,
          'Pwo': 0.0,
          'Pwp': 0.03,
          'Two': 0,
          'Twp': 0.0,
          'adr': '2й Юго-Западный, 9'}}
|12.02.2025 14:16:35| [INFO]: ✅ Все данные за 2025-12-02 успешно обработаны
|12.02.2025 14:16:35| [INFO]: Опрос завершен
|12.02.2025 14:21:43| [INFO]: Начала опроса
|12.02.2025 14:21:52| [ERROR]: Ошибка ноды The operation failed.(Bad) ns=1;s=GPRS 2079.Партизанская 1г.Параметры.Вход5
|12.02.2025 14:21:52| [ERROR]: Ошибка ноды The operation failed.(Bad) ns=1;s=GPRS 2079.Партизанская 1г.Параметры.Вход1
|12.02.2025 14:21:52| [ERROR]: Ошибка ноды The operation failed.(Bad) ns=1;s=GPRS 2079.Партизанская 1г.Параметры.Вход2
|12.02.2025 14:21:52| [ERROR]: Ошибка ноды The operation failed.(Bad) ns=1;s=GPRS 2079.Партизанская 1г.Параметры.Вход3
|12.02.2025 14:21:53| [ERROR]: Ошибка ноды The operation failed.(Bad) ns=1;s=GPRS 2079.Партизанская 1г.Параметры.Вход4
|12.02.2025 14:22:02| [INFO]: ДАННЫЕ С OPC: {'0014': {'Pgw': 3.1680615234375,
          'Pwo': 4.10685791015625,
          'Pwp': 5.713045654296875,
          'Two': 52.594207763671875,
          'Twp': 67.77814483642578,
          'adr': '8 марта, 164Б'},
 '0021': {'Pgw': 3.1979364013671874,
          'Pwo': 3.158914794921875,
          'Pwp': 4.521212158203125,
          'Two': 48.69273376464844,
          'Twp': 64.57603454589844,
          'adr': 'Пушкина, 65'},
 '0024': {'Pgw': 4.685790100097656,
          'Pwo': 0.9968324279785157,
          'Pwp': 2.73370361328125,
          'Two': 42.02362823486328,
          'Twp': 44.055259704589844,
          'adr': 'Объездная, 31'},
 '0037': {'Pgw': 0.09608815193176269,
          'Pwo': 0.07641263008117676,
          'Pwp': 0.09283270835876464,
          'Two': 11.279145240783691,
          'Twp': 12.325486183166504,
          'adr': 'Балакирева, 5'},
 '0044': {'Pgw': 0.0,
          'Pwo': 0.0,
          'Pwp': 0.0,
          'Two': 0,
          'Twp': 0,
          'adr': 'Бабушкина, 2В'},
 '0048': {'Pgw': 4.400535888671875,
          'Pwo': 2.3696049499511718,
          'Pwp': 3.0715701293945314,
          'Two': 58.50164031982422,
          'Twp': 69.92494201660156,
          'adr': 'Фрунзе, 2'},
 '0049': {'Pgw': 0.049088659286499026,
          'Pwo': 0.018422019481658936,
          'Pwp': 0.024944028854370116,
          'Two': 63.995643615722656,
          'Twp': 71.40592193603516,
          'adr': 'Октябрьская, 159'},
 '0050': {'Pgw': 4.71682861328125,
          'Pwo': 2.4443426513671875,
          'Pwp': 3.7220538330078123,
          'Two': 38.92726135253906,
          'Twp': 44.681541442871094,
          'adr': 'Октябрьская, 66'},
 '0055': {'Pgw': 0.02506783962249756,
          'Pwo': 0.019780189990997316,
          'Pwp': 0.035793650150299075,
          'Two': 0,
          'Twp': 67.76190948486328,
          'adr': 'Репина, 146'},
 '0056': {'Pgw': 3.3302593994140626,
          'Pwo': 2.2329844665527343,
          'Pwp': 3.0699493408203127,
          'Two': 52.46885681152344,
          'Twp': 57.24238586425781,
          'adr': 'Дзержинского, 161'},
 '0060': {'Pgw': 0.0,
          'Pwo': 0.0033789899945259093,
          'Pwp': 0.00468735009431839,
          'Two': 54.61576843261719,
          'Twp': 68.93089294433594,
          'adr': 'Чапаева, 4'},
 '0063': {'Pgw': 3.4278085327148435,
          'Pwo': 2.3315174865722654,
          'Pwp': 3.039326171875,
          'Two': 59.03131103515625,
          'Twp': 66.39330291748047,
          'adr': 'Балахонова, 13'},
 '0064': {'Pgw': 0.030965819358825683,
          'Pwo': 0.0228708291053772,
          'Pwp': 0.0321595311164856,
          'Two': 52.41696548461914,
          'Twp': 63.14959716796875,
          'adr': 'Голенева, 46'},
 '0065': {'Pgw': 0.037552449703216556,
          'Pwo': 0.017106070518493652,
          'Pwp': 0.031437819004058835,
          'Two': 51.133018493652344,
          'Twp': 64.77694702148438,
          'adr': 'Краснофлотская 187'},
 '0067': {'Pgw': 3.1537994384765624,
          'Pwo': 2.281430206298828,
          'Pwp': 3.4894784545898436,
          'Two': 55.337646484375,
          'Twp': 66.95145416259766,
          'adr': 'Пономарева 5'},
 '0068': {'Pgw': 3.5619827270507813,
          'Pwo': 1.7573599243164062,
          'Pwp': 2.6081591796875,
          'Two': 50.89632797241211,
          'Twp': 63.69870376586914,
          'adr': 'Шпаковская 85'},
 '0072': {'Pgw': 0.037872889041900636,
          'Pwo': 0.026591060161590577,
          'Pwp': 0.0372605299949646,
          'Two': 41.51197814941406,
          'Twp': 42.8388671875,
          'adr': 'К. Маркса, 65'},
 '0073': {'Pgw': -0.02,
          'Pwo': 0.023880150318145752,
          'Pwp': 0.037071530818939206,
          'Two': 41.52677536010742,
          'Twp': 47.45386505126953,
          'adr': 'К. Маркса, 77'},
 '0074': {'Pgw': 3.777713623046875,
          'Pwo': 2.438312530517578,
          'Pwp': 4.066572265625,
          'Two': 40.784217834472656,
          'Twp': 50.60499572753906,
          'adr': 'Фрунзе, 8'},
 '0075': {'Pgw': 4.20817626953125,
          'Pwo': 1.8601605224609374,
          'Pwp': 2.3678895568847658,
          'Two': 44.32781219482422,
          'Twp': 48.201602935791016,
          'adr': 'Голенева, 6а'},
 '0076': {'Pgw': 3.52063232421875,
          'Pwo': 2.8306155395507813,
          'Pwp': 3.5232354736328126,
          'Two': 44.99146270751953,
          'Twp': 46.98839569091797,
          'adr': 'Серова, 451'},
 '0079': {'Pgw': 2.1421272277832033,
          'Pwo': 1.8019825744628906,
          'Pwp': 2.7598147583007813,
          'Two': 45.14356994628906,
          'Twp': 47.77772521972656,
          'adr': 'Гоголя, 36'},
 '0081': {'Pgw': 3.4557916259765626,
          'Pwo': 1.8981271362304688,
          'Pwp': 2.9403363037109376,
          'Two': 52.61608123779297,
          'Twp': 64.55593872070312,
          'adr': 'Воронежская, 14'},
 '0090': {'Pgw': 0.07070685863494873,
          'Pwo': 0.02134687900543213,
          'Pwp': 0.03335079908370972,
          'Two': 46.279762268066406,
          'Twp': 53.14216995239258,
          'adr': 'Селекционная станция 3'},
 '0099': {'Pgw': 0.016959760189056396,
          'Pwo': 1.375985107421875,
          'Pwp': 2.4519873046875,
          'Two': 58.60026550292969,
          'Twp': 67.8387680053711,
          'adr': 'Завокзальная, 33а к.А'},
 '0100': {'Pgw': 0.0,
          'Pwo': 0.0,
          'Pwp': 0.004010680019855499,
          'Two': 37.550846099853516,
          'Twp': 0,
          'adr': 'Завокзальная, 33а к.Б'},
 '0102': {'Pgw': 0.0,
          'Pwo': 0.0,
          'Pwp': 0.0,
          'Two': 0,
          'Twp': 0,
          'adr': 'Партизанская, 1г'},
 '0103': {'Pgw': 0.0,
          'Pwo': 0.0021164199709892274,
          'Pwp': 0.002462490051984787,
          'Two': 0,
          'Twp': 63.89445495605469,
          'adr': 'Старомарьевское, 7'},
 '0107': {'Pgw': 4.485638732910156,
          'Pwo': 2.0882081604003906,
          'Pwp': 2.532401275634766,
          'Two': 43.68712615966797,
          'Twp': 48.94853973388672,
          'adr': 'Абрамовой, 2'},
 '0110': {'Pgw': 0.0,
          'Pwo': 0.0,
          'Pwp': 0.0,
          'Two': 0,
          'Twp': 0,
          'adr': 'Старомарьевское, 3'},
 '0111': {'Pgw': 3.8118722534179685,
          'Pwo': 2.8796826171875,
          'Pwp': 4.063070678710938,
          'Two': 62.130516052246094,
          'Twp': 69.95856475830078,
          'adr': '4-я Промышленная, 3'},
 '0116': {'Pgw': 0.0,
          'Pwo': 0.0,
          'Pwp': 0.026268060207366942,
          'Two': 0,
          'Twp': 65.22644805908203,
          'adr': '2й Юго-Западный, 9'},
 '0211': {'Pgw': 2.884117431640625,
          'Pwo': 3.1274859619140627,
          'Pwp': 3.819464111328125,
          'Two': 59.71308135986328,
          'Twp': 70.74394226074219,
          'adr': 'Доваторцев, 86/3'},
 '2017': {'Pgw': 9.336502075195312,
          'Pwo': 2.9247952270507813,
          'Pwp': 5.600181884765625,
          'Two': 50.87400817871094,
          'Twp': 52.45652770996094,
          'adr': 'Р.Люксембург, 65'}}
|12.02.2025 14:22:03| [INFO]: ДАННЫЕ С БАЗЫ ДАННЫХ: [{'MAX(Dateizm)': datetime.date(2025, 12, 2),
  'Pgw': 0.0,
  'Pwo': 0.0,
  'Pwp': 0.0,
  'Two': 0.0,
  'Twp': 0.0,
  'idkot': '0014'},
 {'MAX(Dateizm)': datetime.date(2025, 12, 2),
  'Pgw': 3.1,
  'Pwo': 3.0,
  'Pwp': 3.1,
  'Two': 50.4,
  'Twp': 69.2,
  'idkot': '0021'},
 {'MAX(Dateizm)': datetime.date(2025, 12, 2),
  'Pgw': 4.7,
  'Pwo': 1.7,
  'Pwp': 2.5,
  'Two': 57.5,
  'Twp': 67.1,
  'idkot': '0024'},
 {'MAX(Dateizm)': datetime.date(2025, 12, 2),
  'Pgw': 3.7,
  'Pwo': 2.4,
  'Pwp': 3.7,
  'Two': 50.4,
  'Twp': 56.1,
  'idkot': '0037'},
 {'MAX(Dateizm)': datetime.date(2025, 12, 2),
  'Pgw': 3.4,
  'Pwo': 1.8,
  'Pwp': 2.5,
  'Two': 63.7,
  'Twp': 68.2,
  'idkot': '0048'},
 {'MAX(Dateizm)': datetime.date(2025, 12, 2),
  'Pgw': None,
  'Pwo': None,
  'Pwp': None,
  'Two': None,
  'Twp': None,
  'idkot': '0049'},
 {'MAX(Dateizm)': datetime.date(2025, 12, 2),
  'Pgw': 5.0,
  'Pwo': 2.2,
  'Pwp': 3.0,
  'Two': 58.5,
  'Twp': 67.2,
  'idkot': '0050'},
 {'MAX(Dateizm)': datetime.date(2025, 12, 2),
  'Pgw': 4.3,
  'Pwo': 1.0,
  'Pwp': 1.6,
  'Two': 65.3,
  'Twp': 73.7,
  'idkot': '0056'},
 {'MAX(Dateizm)': datetime.date(2025, 12, 2),
  'Pgw': None,
  'Pwo': 3.1,
  'Pwp': 4.5,
  'Two': 50.5,
  'Twp': 64.1,
  'idkot': '0060'},
 {'MAX(Dateizm)': datetime.date(2025, 12, 2),
  'Pgw': 2.7,
  'Pwo': 2.0,
  'Pwp': 3.1,
  'Two': 62.8,
  'Twp': 71.7,
  'idkot': '0063'},
 {'MAX(Dateizm)': datetime.date(2025, 12, 2),
  'Pgw': 3.9,
  'Pwo': 2.4,
  'Pwp': 3.2,
  'Two': 73.2,
  'Twp': 77.9,
  'idkot': '0064'},
 {'MAX(Dateizm)': datetime.date(2025, 12, 2),
  'Pgw': 1.6,
  'Pwo': 1.6,
  'Pwp': 3.6,
  'Two': 62.9,
  'Twp': 78.9,
  'idkot': '0065'},
 {'MAX(Dateizm)': datetime.date(2025, 12, 2),
  'Pgw': 3.0,
  'Pwo': 3.0,
  'Pwp': 3.5,
  'Two': 66.7,
  'Twp': 77.2,
  'idkot': '0067'},
 {'MAX(Dateizm)': datetime.date(2025, 12, 2),
  'Pgw': 3.8,
  'Pwo': 2.2,
  'Pwp': 3.3,
  'Two': 60.8,
  'Twp': 69.9,
  'idkot': '0068'},
 {'MAX(Dateizm)': datetime.date(2025, 12, 2),
  'Pgw': 0.0,
  'Pwo': 2.5,
  'Pwp': 3.6,
  'Two': 65.2,
  'Twp': 78.5,
  'idkot': '0072'},
 {'MAX(Dateizm)': datetime.date(2025, 12, 2),
  'Pgw': 3.2,
  'Pwo': 1.8,
  'Pwp': 3.7,
  'Two': 59.8,
  'Twp': 76.0,
  'idkot': '0073'},
 {'MAX(Dateizm)': datetime.date(2025, 12, 2),
  'Pgw': 3.3,
  'Pwo': 1.7,
  'Pwp': 3.6,
  'Two': 68.4,
  'Twp': 75.5,
  'idkot': '0074'},
 {'MAX(Dateizm)': datetime.date(2025, 12, 2),
  'Pgw': 3.5,
  'Pwo': 1.4,
  'Pwp': 2.3,
  'Two': 61.0,
  'Twp': 71.0,
  'idkot': '0075'},
 {'MAX(Dateizm)': datetime.date(2025, 12, 2),
  'Pgw': 3.7,
  'Pwo': 2.1,
  'Pwp': 3.2,
  'Two': 60.1,
  'Twp': 68.1,
  'idkot': '0076'},
 {'MAX(Dateizm)': datetime.date(2025, 12, 2),
  'Pgw': 6.0,
  'Pwo': 1.7,
  'Pwp': 2.5,
  'Two': 64.3,
  'Twp': 79.2,
  'idkot': '0079'},
 {'MAX(Dateizm)': datetime.date(2025, 12, 2),
  'Pgw': 4.4,
  'Pwo': 2.3,
  'Pwp': 2.9,
  'Two': 63.5,
  'Twp': 73.6,
  'idkot': '0081'},
 {'MAX(Dateizm)': datetime.date(2025, 12, 2),
  'Pgw': 0.0,
  'Pwo': 0.0,
  'Pwp': 0.0,
  'Two': 0.0,
  'Twp': 0.0,
  'idkot': '0090'},
 {'MAX(Dateizm)': datetime.date(2025, 12, 2),
  'Pgw': None,
  'Pwo': None,
  'Pwp': None,
  'Two': None,
  'Twp': 64.3,
  'idkot': '0099'},
 {'MAX(Dateizm)': datetime.date(2025, 12, 2),
  'Pgw': None,
  'Pwo': None,
  'Pwp': None,
  'Two': None,
  'Twp': 72.1,
  'idkot': '0100'},
 {'MAX(Dateizm)': datetime.date(2025, 12, 2),
  'Pgw': 4.9,
  'Pwo': 2.9,
  'Pwp': 4.4,
  'Two': 58.2,
  'Twp': 75.5,
  'idkot': '0102'},
 {'MAX(Dateizm)': datetime.date(2025, 12, 2),
  'Pgw': None,
  'Pwo': 2.5,
  'Pwp': 2.9,
  'Two': None,
  'Twp': 78.0,
  'idkot': '0103'},
 {'MAX(Dateizm)': datetime.date(2025, 12, 2),
  'Pgw': 3.2,
  'Pwo': 2.2,
  'Pwp': 2.6,
  'Two': 58.8,
  'Twp': 64.7,
  'idkot': '0107'},
 {'MAX(Dateizm)': datetime.date(2025, 12, 2),
  'Pgw': 1.4,
  'Pwo': 1.2,
  'Pwp': 2.4,
  'Two': 56.3,
  'Twp': 65.6,
  'idkot': '0110'},
 {'MAX(Dateizm)': datetime.date(2025, 12, 2),
  'Pgw': 3.6,
  'Pwo': 2.5,
  'Pwp': 2.9,
  'Two': 55.7,
  'Twp': 66.8,
  'idkot': '0111'},
 {'MAX(Dateizm)': datetime.date(2025, 12, 2),
  'Pgw': None,
  'Pwo': None,
  'Pwp': None,
  'Two': None,
  'Twp': None,
  'idkot': '0116'},
 {'MAX(Dateizm)': datetime.date(2025, 12, 2),
  'Pgw': 3.4,
  'Pwo': 3.9,
  'Pwp': 4.6,
  'Two': 66.0,
  'Twp': 74.6,
  'idkot': '0211'},
 {'MAX(Dateizm)': datetime.date(2025, 12, 2),
  'Pgw': 9.7,
  'Pwo': 2.7,
  'Pwp': 5.3,
  'Two': 53.3,
  'Twp': 62.6,
  'idkot': '2017'}]
|12.02.2025 14:22:03| [ERROR]: ⛔️ Нет связи с OPC для Шпаковская 85 (idkot=0068) — Будет пропущена
|12.02.2025 14:22:03| [ERROR]: ⛔️ Нет связи с OPC для Пономарева 5 (idkot=0067) — Будет пропущена
|12.02.2025 14:22:03| [ERROR]: ⛔️ Нет связи с OPC для Балахонова, 13 (idkot=0063) — Будет пропущена
|12.02.2025 14:22:03| [ERROR]: ⛔️ Нет связи с OPC для Серова, 451 (idkot=0076) — Будет пропущена
|12.02.2025 14:22:03| [ERROR]: ⛔️ Нет связи с OPC для Фрунзе, 8 (idkot=0074) — Будет пропущена
|12.02.2025 14:22:03| [ERROR]: ⛔️ Нет связи с OPC для Гоголя, 36 (idkot=0079) — Будет пропущена
|12.02.2025 14:22:03| [ERROR]: ⛔️ Нет связи с OPC для Голенева, 6а (idkot=0075) — Будет пропущена
|12.02.2025 14:22:03| [ERROR]: ⛔️ Нет связи с OPC для Воронежская, 14 (idkot=0081) — Будет пропущена
|12.02.2025 14:22:03| [ERROR]: ⛔️ Нет связи с OPC для 4-я Промышленная, 3 (idkot=0111) — Будет пропущена
|12.02.2025 14:22:03| [ERROR]: ⛔️ Нет связи с OPC для Абрамовой, 2 (idkot=0107) — Будет пропущена
|12.02.2025 14:22:03| [ERROR]: ⛔️ Нет связи с OPC для Фрунзе, 2 (idkot=0048) — Будет пропущена
|12.02.2025 14:22:03| [ERROR]: ⛔️ Нет связи с OPC для Пушкина, 65 (idkot=0021) — Будет пропущена
|12.02.2025 14:22:03| [ERROR]: ⛔️ Нет связи с OPC для Р.Люксембург, 65 (idkot=2017) — Будет пропущена
|12.02.2025 14:22:03| [ERROR]: ⛔️ Нет связи с OPC для Октябрьская, 66 (idkot=0050) — Будет пропущена
|12.02.2025 14:22:03| [ERROR]: ⛔️ Нет связи с OPC для Дзержинского, 161 (idkot=0056) — Будет пропущена
|12.02.2025 14:22:03| [ERROR]: ⛔️ Нет связи с OPC для Доваторцев, 86/3 (idkot=0211) — Будет пропущена
|12.02.2025 14:22:03| [ERROR]: ⛔️ Нет связи с OPC для 8 марта, 164Б (idkot=0014) — Будет пропущена
|12.02.2025 14:22:03| [INFO]: ДАННЫЕ КОТОРЫЕ ИДУТ В БАЗУ ДАННЫХ: {'0024': {'Pgw': 4.7,
          'Pwo': 1.35,
          'Pwp': 2.5,
          'Two': 57.5,
          'Twp': 67.1,
          'adr': 'Объездная, 31'},
 '0037': {'Pgw': 1.9,
          'Pwo': 1.24,
          'Pwp': 1.9,
          'Two': 50.4,
          'Twp': 56.1,
          'adr': 'Балакирева, 5'},
 '0049': {'Pgw': 0.05,
          'Pwo': 0.02,
          'Pwp': 0.02,
          'Two': 0.0,
          'Twp': 0.0,
          'adr': 'Октябрьская, 159'},
 '0060': {'Pgw': 0.0,
          'Pwo': 1.55,
          'Pwp': 2.25,
          'Two': 50.5,
          'Twp': 64.1,
          'adr': 'Чапаева, 4'},
 '0064': {'Pgw': 1.97,
          'Pwo': 1.21,
          'Pwp': 1.62,
          'Two': 73.2,
          'Twp': 77.9,
          'adr': 'Голенева, 46'},
 '0065': {'Pgw': 0.82,
          'Pwo': 0.81,
          'Pwp': 1.82,
          'Two': 62.9,
          'Twp': 78.9,
          'adr': 'Краснофлотская 187'},
 '0072': {'Pgw': 0.04,
          'Pwo': 1.26,
          'Pwp': 1.82,
          'Two': 65.2,
          'Twp': 78.5,
          'adr': 'К. Маркса, 65'},
 '0073': {'Pgw': 1.59,
          'Pwo': 0.91,
          'Pwp': 1.87,
          'Two': 59.8,
          'Twp': 76.0,
          'adr': 'К. Маркса, 77'},
 '0090': {'Pgw': 0.07,
          'Pwo': 0.02,
          'Pwp': 0.03,
          'Two': 0.0,
          'Twp': 0.0,
          'adr': 'Селекционная станция 3'},
 '0099': {'Pgw': 0.02,
          'Pwo': 0.0,
          'Pwp': 0.0,
          'Two': 0.0,
          'Twp': 64.3,
          'adr': 'Завокзальная, 33а к.А'},
 '0100': {'Pgw': 0.0,
          'Pwo': 0.0,
          'Pwp': 0.0,
          'Two': 0.0,
          'Twp': 36.05,
          'adr': 'Завокзальная, 33а к.Б'},
 '0102': {'Pgw': 2.45,
          'Pwo': 1.45,
          'Pwp': 2.2,
          'Two': 29.1,
          'Twp': 37.75,
          'adr': 'Партизанская, 1г'},
 '0103': {'Pgw': 0.0,
          'Pwo': 1.25,
          'Pwp': 1.45,
          'Two': 0,
          'Twp': 78.0,
          'adr': 'Старомарьевское, 7'},
 '0110': {'Pgw': 0.7,
          'Pwo': 0.6,
          'Pwp': 1.2,
          'Two': 28.15,
          'Twp': 32.8,
          'adr': 'Старомарьевское, 3'},
 '0116': {'Pgw': 0.0,
          'Pwo': 0.0,
          'Pwp': 0.03,
          'Two': 0,
          'Twp': 0.0,
          'adr': '2й Юго-Западный, 9'}}
|12.02.2025 14:22:07| [INFO]: ✅ Все данные за 2025-12-02 успешно обработаны
|12.02.2025 14:22:07| [INFO]: Опрос завершен
|12.02.2025 14:26:16| [INFO]: Начала опроса
|12.02.2025 14:26:25| [ERROR]: Ошибка ноды The operation failed.(Bad) ns=1;s=GPRS 2072.Абрамовой 2.Параметры.Вход5
|12.02.2025 14:26:25| [ERROR]: Ошибка ноды The operation failed.(Bad) ns=1;s=GPRS 2072.Абрамовой 2.Параметры.Вход1
|12.02.2025 14:26:25| [ERROR]: Ошибка ноды The operation failed.(Bad) ns=1;s=GPRS 2072.Абрамовой 2.Параметры.Вход2
|12.02.2025 14:26:25| [ERROR]: Ошибка ноды The operation failed.(Bad) ns=1;s=GPRS 2072.Абрамовой 2.Параметры.Вход3
|12.02.2025 14:26:25| [ERROR]: Ошибка ноды The operation failed.(Bad) ns=1;s=GPRS 2072.Абрамовой 2.Параметры.Вход4
|12.02.2025 14:26:35| [ERROR]: Ошибка ноды The operation failed.(Bad) ns=1;s=GPRS 2095.SMH4.Group1.ain6[MC]value
|12.02.2025 14:26:35| [ERROR]: Ошибка ноды The operation failed.(Bad) ns=1;s=GPRS 2095.SMH4.Group1.ain0[MC]value
|12.02.2025 14:26:35| [ERROR]: Ошибка ноды The operation failed.(Bad) ns=1;s=GPRS 2095.SMH4.Group1.ain1[MC]value
|12.02.2025 14:26:35| [ERROR]: Ошибка ноды The operation failed.(Bad) ns=1;s=GPRS 2095.SMH4.Group1.ain2[MC]value
|12.02.2025 14:26:35| [ERROR]: Ошибка ноды The operation failed.(Bad) ns=1;s=GPRS 2095.SMH4.Group1.ain3[MC]value
|12.02.2025 14:26:36| [INFO]: ДАННЫЕ С OPC: {'0014': {'Pgw': 3.1576336669921874,
          'Pwo': 4.140279541015625,
          'Pwp': 5.743357543945312,
          'Two': 52.74040985107422,
          'Twp': 67.85553741455078,
          'adr': '8 марта, 164Б'},
 '0021': {'Pgw': 3.180615234375,
          'Pwo': 3.1871209716796876,
          'Pwp': 4.546419372558594,
          'Two': 48.785301208496094,
          'Twp': 64.31904602050781,
          'adr': 'Пушкина, 65'},
 '0024': {'Pgw': 4.744126586914063,
          'Pwo': 0.9913468933105469,
          'Pwp': 2.7828326416015625,
          'Two': 42.20741271972656,
          'Twp': 46.76786804199219,
          'adr': 'Объездная, 31'},
 '0037': {'Pgw': 0.09610419273376465,
          'Pwo': 0.07632136821746827,
          'Pwp': 0.09384039878845214,
          'Two': 11.283180236816406,
          'Twp': 12.355271339416504,
          'adr': 'Балакирева, 5'},
 '0044': {'Pgw': 0.0,
          'Pwo': 0.0,
          'Pwp': 0.0,
          'Two': 0,
          'Twp': 0,
          'adr': 'Бабушкина, 2В'},
 '0048': {'Pgw': 4.128663024902344,
          'Pwo': 2.283916778564453,
          'Pwp': 3.0417852783203125,
          'Two': 58.5377082824707,
          'Twp': 61.39742660522461,
          'adr': 'Фрунзе, 2'},
 '0049': {'Pgw': 0.047567429542541506,
          'Pwo': 0.01847040057182312,
          'Pwp': 0.024998281002044678,
          'Two': 64.51005554199219,
          'Twp': 72.41485595703125,
          'adr': 'Октябрьская, 159'},
 '0050': {'Pgw': 4.633814697265625,
          'Pwo': 2.4464044189453125,
          'Pwp': 3.7157553100585936,
          'Two': 38.834320068359375,
          'Twp': 44.824737548828125,
          'adr': 'Октябрьская, 66'},
 '0055': {'Pgw': 0.025072989463806154,
          'Pwo': 0.019722800254821777,
          'Pwp': 0.03578861951828003,
          'Two': 0,
          'Twp': 67.60676574707031,
          'adr': 'Репина, 146'},
 '0056': {'Pgw': 3.1962600708007813,
          'Pwo': 2.2191184997558593,
          'Pwp': 3.0494256591796876,
          'Two': 52.36766052246094,
          'Twp': 57.149993896484375,
          'adr': 'Дзержинского, 161'},
 '0060': {'Pgw': 0.0,
          'Pwo': 0.003519279956817627,
          'Pwp': 0.004778940081596374,
          'Two': 54.62815856933594,
          'Twp': 68.52113342285156,
          'adr': 'Чапаева, 4'},
 '0063': {'Pgw': 3.7116409301757813,
          'Pwo': 2.298261260986328,
          'Pwp': 3.008972473144531,
          'Two': 59.29618453979492,
          'Twp': 63.57207107543945,
          'adr': 'Балахонова, 13'},
 '0064': {'Pgw': 0.03101180076599121,
          'Pwo': 0.022847840785980223,
          'Pwp': 0.03209460020065308,
          'Two': 52.41664505004883,
          'Twp': 63.08191680908203,
          'adr': 'Голенева, 46'},
 '0065': {'Pgw': 0.03744981050491333,
          'Pwo': 0.01705772042274475,
          'Pwp': 0.03140384912490845,
          'Two': 51.260684967041016,
          'Twp': 59.305633544921875,
          'adr': 'Краснофлотская 187'},
 '0067': {'Pgw': 3.0107568359375,
          'Pwo': 2.3116305541992186,
          'Pwp': 3.5046722412109377,
          'Two': 55.60492706298828,
          'Twp': 67.21495819091797,
          'adr': 'Пономарева 5'},
 '0068': {'Pgw': 3.528275146484375,
          'Pwo': 1.752342987060547,
          'Pwp': 2.6079718017578126,
          'Two': 51.07677459716797,
          'Twp': 63.51848220825195,
          'adr': 'Шпаковская 85'},
 '0072': {'Pgw': 0.03673381090164184,
          'Pwo': 0.026555941104888917,
          'Pwp': 0.03726560115814209,
          'Two': 41.5616569519043,
          'Twp': 51.37979507446289,
          'adr': 'К. Маркса, 65'},
 '0073': {'Pgw': -0.02,
          'Pwo': 0.023627269268035888,
          'Pwp': 0.037041709423065186,
          'Two': 41.519412994384766,
          'Twp': 47.51319122314453,
          'adr': 'К. Маркса, 77'},
 '0074': {'Pgw': 3.757257385253906,
          'Pwo': 2.2795257568359375,
          'Pwp': 3.87867919921875,
          'Two': 41.1055908203125,
          'Twp': 50.46075439453125,
          'adr': 'Фрунзе, 8'},
 '0075': {'Pgw': 4.076002807617187,
          'Pwo': 1.8535992431640624,
          'Pwp': 2.363400573730469,
          'Two': 43.96873092651367,
          'Twp': 45.8132438659668,
          'adr': 'Голенева, 6а'},
 '0076': {'Pgw': 3.6716342163085938,
          'Pwo': 2.9200445556640626,
          'Pwp': 3.63138427734375,
          'Two': 44.713592529296875,
          'Twp': 46.404388427734375,
          'adr': 'Серова, 451'},
 '0079': {'Pgw': 2.028031311035156,
          'Pwo': 1.8468052673339843,
          'Pwp': 2.7954031372070314,
          'Two': 45.44483947753906,
          'Twp': 46.865203857421875,
          'adr': 'Гоголя, 36'},
 '0081': {'Pgw': 3.476146545410156,
          'Pwo': 1.8951106262207031,
          'Pwp': 2.9464901733398436,
          'Two': 53.03290557861328,
          'Twp': 64.35686492919922,
          'adr': 'Воронежская, 14'},
 '0090': {'Pgw': 0.0,
          'Pwo': 0.0,
          'Pwp': 0.0,
          'Two': 0,
          'Twp': 0,
          'adr': 'Селекционная станция 3'},
 '0099': {'Pgw': -0.002674260139465332,
          'Pwo': 1.3486892700195312,
          'Pwp': 2.5134742736816404,
          'Two': 58.29029846191406,
          'Twp': 68.5257568359375,
          'adr': 'Завокзальная, 33а к.А'},
 '0100': {'Pgw': 0.0,
          'Pwo': 0.0,
          'Pwp': 0.004134689867496491,
          'Two': 36.247802734375,
          'Twp': 0,
          'adr': 'Завокзальная, 33а к.Б'},
 '0102': {'Pgw': 4.848730773925781,
          'Pwo': 2.9367385864257813,
          'Pwp': 5.054856872558593,
          'Two': 48.8438720703125,
          'Twp': 64.3021469116211,
          'adr': 'Партизанская, 1г'},
 '0103': {'Pgw': 0.0,
          'Pwo': 0.002134750038385391,
          'Pwp': 0.002474279999732971,
          'Two': 0,
          'Twp': 65.25721740722656,
          'adr': 'Старомарьевское, 7'},
 '0107': {'Pgw': 0.0,
          'Pwo': 0.0,
          'Pwp': 0.0,
          'Two': 0,
          'Twp': 0,
          'adr': 'Абрамовой, 2'},
 '0110': {'Pgw': 0.0,
          'Pwo': 0.0,
          'Pwp': 0.0,
          'Two': 0,
          'Twp': 0,
          'adr': 'Старомарьевское, 3'},
 '0111': {'Pgw': 3.7712173461914062,
          'Pwo': 2.869432067871094,
          'Pwp': 4.069023742675781,
          'Two': 62.71527099609375,
          'Twp': 70.49734497070312,
          'adr': '4-я Промышленная, 3'},
 '0116': {'Pgw': 0.0,
          'Pwo': 0.0,
          'Pwp': 0.026345760822296144,
          'Two': 0,
          'Twp': 67.19673919677734,
          'adr': '2й Юго-Западный, 9'},
 '0211': {'Pgw': 2.760220947265625,
          'Pwo': 3.1794113159179687,
          'Pwp': 3.8343295288085937,
          'Two': 60.64141082763672,
          'Twp': 70.8154525756836,
          'adr': 'Доваторцев, 86/3'},
 '2017': {'Pgw': 9.312890625,
          'Pwo': 2.90201416015625,
          'Pwp': 5.60072509765625,
          'Two': 50.68778991699219,
          'Twp': 52.479759216308594,
          'adr': 'Р.Люксембург, 65'}}
|12.02.2025 14:26:36| [INFO]: ДАННЫЕ С БАЗЫ ДАННЫХ: [{'MAX(Dateizm)': datetime.date(2025, 12, 2),
  'Pgw': 0.0,
  'Pwo': 0.0,
  'Pwp': 0.0,
  'Two': 0.0,
  'Twp': 0.0,
  'idkot': '0014'},
 {'MAX(Dateizm)': datetime.date(2025, 12, 2),
  'Pgw': 3.1,
  'Pwo': 3.0,
  'Pwp': 3.1,
  'Two': 50.4,
  'Twp': 69.2,
  'idkot': '0021'},
 {'MAX(Dateizm)': datetime.date(2025, 12, 2),
  'Pgw': 4.7,
  'Pwo': 1.7,
  'Pwp': 2.5,
  'Two': 57.5,
  'Twp': 67.1,
  'idkot': '0024'},
 {'MAX(Dateizm)': datetime.date(2025, 12, 2),
  'Pgw': 3.7,
  'Pwo': 2.4,
  'Pwp': 3.7,
  'Two': 50.4,
  'Twp': 56.1,
  'idkot': '0037'},
 {'MAX(Dateizm)': datetime.date(2025, 12, 2),
  'Pgw': 3.4,
  'Pwo': 1.8,
  'Pwp': 2.5,
  'Two': 63.7,
  'Twp': 68.2,
  'idkot': '0048'},
 {'MAX(Dateizm)': datetime.date(2025, 12, 2),
  'Pgw': None,
  'Pwo': None,
  'Pwp': None,
  'Two': None,
  'Twp': None,
  'idkot': '0049'},
 {'MAX(Dateizm)': datetime.date(2025, 12, 2),
  'Pgw': 5.0,
  'Pwo': 2.2,
  'Pwp': 3.0,
  'Two': 58.5,
  'Twp': 67.2,
  'idkot': '0050'},
 {'MAX(Dateizm)': datetime.date(2025, 12, 2),
  'Pgw': 4.3,
  'Pwo': 1.0,
  'Pwp': 1.6,
  'Two': 65.3,
  'Twp': 73.7,
  'idkot': '0056'},
 {'MAX(Dateizm)': datetime.date(2025, 12, 2),
  'Pgw': None,
  'Pwo': 3.1,
  'Pwp': 4.5,
  'Two': 50.5,
  'Twp': 64.1,
  'idkot': '0060'},
 {'MAX(Dateizm)': datetime.date(2025, 12, 2),
  'Pgw': 2.7,
  'Pwo': 2.0,
  'Pwp': 3.1,
  'Two': 62.8,
  'Twp': 71.7,
  'idkot': '0063'},
 {'MAX(Dateizm)': datetime.date(2025, 12, 2),
  'Pgw': 3.9,
  'Pwo': 2.4,
  'Pwp': 3.2,
  'Two': 73.2,
  'Twp': 77.9,
  'idkot': '0064'},
 {'MAX(Dateizm)': datetime.date(2025, 12, 2),
  'Pgw': 1.6,
  'Pwo': 1.6,
  'Pwp': 3.6,
  'Two': 62.9,
  'Twp': 78.9,
  'idkot': '0065'},
 {'MAX(Dateizm)': datetime.date(2025, 12, 2),
  'Pgw': 3.0,
  'Pwo': 3.0,
  'Pwp': 3.5,
  'Two': 66.7,
  'Twp': 77.2,
  'idkot': '0067'},
 {'MAX(Dateizm)': datetime.date(2025, 12, 2),
  'Pgw': 3.8,
  'Pwo': 2.2,
  'Pwp': 3.3,
  'Two': 60.8,
  'Twp': 69.9,
  'idkot': '0068'},
 {'MAX(Dateizm)': datetime.date(2025, 12, 2),
  'Pgw': 0.0,
  'Pwo': 2.5,
  'Pwp': 3.6,
  'Two': 65.2,
  'Twp': 78.5,
  'idkot': '0072'},
 {'MAX(Dateizm)': datetime.date(2025, 12, 2),
  'Pgw': 3.2,
  'Pwo': 1.8,
  'Pwp': 3.7,
  'Two': 59.8,
  'Twp': 76.0,
  'idkot': '0073'},
 {'MAX(Dateizm)': datetime.date(2025, 12, 2),
  'Pgw': 3.3,
  'Pwo': 1.7,
  'Pwp': 3.6,
  'Two': 68.4,
  'Twp': 75.5,
  'idkot': '0074'},
 {'MAX(Dateizm)': datetime.date(2025, 12, 2),
  'Pgw': 3.5,
  'Pwo': 1.4,
  'Pwp': 2.3,
  'Two': 61.0,
  'Twp': 71.0,
  'idkot': '0075'},
 {'MAX(Dateizm)': datetime.date(2025, 12, 2),
  'Pgw': 3.7,
  'Pwo': 2.1,
  'Pwp': 3.2,
  'Two': 60.1,
  'Twp': 68.1,
  'idkot': '0076'},
 {'MAX(Dateizm)': datetime.date(2025, 12, 2),
  'Pgw': 6.0,
  'Pwo': 1.7,
  'Pwp': 2.5,
  'Two': 64.3,
  'Twp': 79.2,
  'idkot': '0079'},
 {'MAX(Dateizm)': datetime.date(2025, 12, 2),
  'Pgw': 4.4,
  'Pwo': 2.3,
  'Pwp': 2.9,
  'Two': 63.5,
  'Twp': 73.6,
  'idkot': '0081'},
 {'MAX(Dateizm)': datetime.date(2025, 12, 2),
  'Pgw': 0.0,
  'Pwo': 0.0,
  'Pwp': 0.0,
  'Two': 0.0,
  'Twp': 0.0,
  'idkot': '0090'},
 {'MAX(Dateizm)': datetime.date(2025, 12, 2),
  'Pgw': None,
  'Pwo': None,
  'Pwp': None,
  'Two': None,
  'Twp': 64.3,
  'idkot': '0099'},
 {'MAX(Dateizm)': datetime.date(2025, 12, 2),
  'Pgw': None,
  'Pwo': None,
  'Pwp': None,
  'Two': None,
  'Twp': 72.1,
  'idkot': '0100'},
 {'MAX(Dateizm)': datetime.date(2025, 12, 2),
  'Pgw': 4.9,
  'Pwo': 2.9,
  'Pwp': 4.4,
  'Two': 58.2,
  'Twp': 75.5,
  'idkot': '0102'},
 {'MAX(Dateizm)': datetime.date(2025, 12, 2),
  'Pgw': None,
  'Pwo': 2.5,
  'Pwp': 2.9,
  'Two': None,
  'Twp': 78.0,
  'idkot': '0103'},
 {'MAX(Dateizm)': datetime.date(2025, 12, 2),
  'Pgw': 3.2,
  'Pwo': 2.2,
  'Pwp': 2.6,
  'Two': 58.8,
  'Twp': 64.7,
  'idkot': '0107'},
 {'MAX(Dateizm)': datetime.date(2025, 12, 2),
  'Pgw': 1.4,
  'Pwo': 1.2,
  'Pwp': 2.4,
  'Two': 56.3,
  'Twp': 65.6,
  'idkot': '0110'},
 {'MAX(Dateizm)': datetime.date(2025, 12, 2),
  'Pgw': 3.6,
  'Pwo': 2.5,
  'Pwp': 2.9,
  'Two': 55.7,
  'Twp': 66.8,
  'idkot': '0111'},
 {'MAX(Dateizm)': datetime.date(2025, 12, 2),
  'Pgw': None,
  'Pwo': None,
  'Pwp': None,
  'Two': None,
  'Twp': None,
  'idkot': '0116'},
 {'MAX(Dateizm)': datetime.date(2025, 12, 2),
  'Pgw': 3.4,
  'Pwo': 3.9,
  'Pwp': 4.6,
  'Two': 66.0,
  'Twp': 74.6,
  'idkot': '0211'},
 {'MAX(Dateizm)': datetime.date(2025, 12, 2),
  'Pgw': 9.7,
  'Pwo': 2.7,
  'Pwp': 5.3,
  'Two': 53.3,
  'Twp': 62.6,
  'idkot': '2017'}]
|12.02.2025 14:26:36| [ERROR]: ⛔️ Нет связи с OPC для Абрамовой, 2 (idkot=0107) — Будет пропущена
|12.02.2025 14:26:36| [ERROR]: ⛔️ Нет связи с OPC для Старомарьевское, 3 (idkot=0110) — Будет пропущена
|12.02.2025 14:26:36| [ERROR]: ⛔️ Нет связи с OPC для Селекционная станция 3 (idkot=0090) — Будет пропущена
|12.02.2025 14:26:36| [INFO]: ДАННЫЕ КОТОРЫЕ ИДУТ В БАЗУ ДАННЫХ: {'0014': {'Pgw': 3.16,
          'Pwo': 4.14,
          'Pwp': 5.74,
          'Two': 52.74,
          'Twp': 67.86,
          'adr': '8 марта, 164Б'},
 '0021': {'Pgw': 3.14,
          'Pwo': 3.09,
          'Pwp': 3.82,
          'Two': 49.59,
          'Twp': 66.76,
          'adr': 'Пушкина, 65'},
 '0024': {'Pgw': 4.72,
          'Pwo': 1.7,
          'Pwp': 2.64,
          'Two': 49.85,
          'Twp': 56.93,
          'adr': 'Объездная, 31'},
 '0037': {'Pgw': 3.7,
          'Pwo': 2.4,
          'Pwp': 3.7,
          'Two': 30.84,
          'Twp': 34.23,
          'adr': 'Балакирева, 5'},
 '0048': {'Pgw': 3.76,
          'Pwo': 2.04,
          'Pwp': 2.77,
          'Two': 61.12,
          'Twp': 64.8,
          'adr': 'Фрунзе, 2'},
 '0049': {'Pgw': 0.0,
          'Pwo': 0.0,
          'Pwp': 0.0,
          'Two': 64.51,
          'Twp': 72.41,
          'adr': 'Октябрьская, 159'},
 '0050': {'Pgw': 4.82,
          'Pwo': 2.32,
          'Pwp': 3.36,
          'Two': 48.67,
          'Twp': 56.01,
          'adr': 'Октябрьская, 66'},
 '0056': {'Pgw': 3.75,
          'Pwo': 1.61,
          'Pwp': 2.32,
          'Two': 58.83,
          'Twp': 65.42,
          'adr': 'Дзержинского, 161'},
 '0060': {'Pgw': 0.0,
          'Pwo': 3.1,
          'Pwp': 4.5,
          'Two': 52.56,
          'Twp': 66.31,
          'adr': 'Чапаева, 4'},
 '0063': {'Pgw': 3.21,
          'Pwo': 2.15,
          'Pwp': 3.05,
          'Two': 61.05,
          'Twp': 67.64,
          'adr': 'Балахонова, 13'},
 '0064': {'Pgw': 3.9,
          'Pwo': 2.4,
          'Pwp': 3.2,
          'Two': 62.81,
          'Twp': 70.49,
          'adr': 'Голенева, 46'},
 '0065': {'Pgw': 1.6,
          'Pwo': 1.6,
          'Pwp': 3.6,
          'Two': 57.08,
          'Twp': 69.1,
          'adr': 'Краснофлотская 187'},
 '0067': {'Pgw': 3.01,
          'Pwo': 2.66,
          'Pwp': 3.5,
          'Two': 61.15,
          'Twp': 72.21,
          'adr': 'Пономарева 5'},
 '0068': {'Pgw': 3.66,
          'Pwo': 1.98,
          'Pwp': 2.95,
          'Two': 55.94,
          'Twp': 66.71,
          'adr': 'Шпаковская 85'},
 '0072': {'Pgw': 0.0,
          'Pwo': 2.5,
          'Pwp': 3.6,
          'Two': 53.38,
          'Twp': 64.94,
          'adr': 'К. Маркса, 65'},
 '0073': {'Pgw': 3.2,
          'Pwo': 1.8,
          'Pwp': 3.7,
          'Two': 50.66,
          'Twp': 61.76,
          'adr': 'К. Маркса, 77'},
 '0074': {'Pgw': 3.53,
          'Pwo': 1.99,
          'Pwp': 3.74,
          'Two': 54.75,
          'Twp': 62.98,
          'adr': 'Фрунзе, 8'},
 '0075': {'Pgw': 3.79,
          'Pwo': 1.63,
          'Pwp': 2.33,
          'Two': 52.48,
          'Twp': 58.41,
          'adr': 'Голенева, 6а'},
 '0076': {'Pgw': 3.69,
          'Pwo': 2.51,
          'Pwp': 3.42,
          'Two': 52.41,
          'Twp': 57.25,
          'adr': 'Серова, 451'},
 '0079': {'Pgw': 4.01,
          'Pwo': 1.77,
          'Pwp': 2.65,
          'Two': 54.87,
          'Twp': 63.03,
          'adr': 'Гоголя, 36'},
 '0081': {'Pgw': 3.94,
          'Pwo': 2.1,
          'Pwp': 2.92,
          'Two': 58.27,
          'Twp': 68.98,
          'adr': 'Воронежская, 14'},
 '0099': {'Pgw': 0.0,
          'Pwo': 1.35,
          'Pwp': 2.51,
          'Two': 58.29,
          'Twp': 66.41,
          'adr': 'Завокзальная, 33а к.А'},
 '0100': {'Pgw': 0.0,
          'Pwo': 0.0,
          'Pwp': 0.0,
          'Two': 36.25,
          'Twp': 72.1,
          'adr': 'Завокзальная, 33а к.Б'},
 '0102': {'Pgw': 4.87,
          'Pwo': 2.92,
          'Pwp': 4.73,
          'Two': 53.52,
          'Twp': 69.9,
          'adr': 'Партизанская, 1г'},
 '0103': {'Pgw': 0.0,
          'Pwo': 2.5,
          'Pwp': 2.9,
          'Two': 0.0,
          'Twp': 71.63,
          'adr': 'Старомарьевское, 7'},
 '0111': {'Pgw': 3.69,
          'Pwo': 2.68,
          'Pwp': 3.48,
          'Two': 59.21,
          'Twp': 68.65,
          'adr': '4-я Промышленная, 3'},
 '0116': {'Pgw': 0.0,
          'Pwo': 0.0,
          'Pwp': 0.0,
          'Two': 0.0,
          'Twp': 67.2,
          'adr': '2й Юго-Западный, 9'},
 '0211': {'Pgw': 3.08,
          'Pwo': 3.54,
          'Pwp': 4.22,
          'Two': 63.32,
          'Twp': 72.71,
          'adr': 'Доваторцев, 86/3'},
 '2017': {'Pgw': 9.51,
          'Pwo': 2.8,
          'Pwp': 5.45,
          'Two': 51.99,
          'Twp': 57.54,
          'adr': 'Р.Люксембург, 65'}}
|12.02.2025 14:26:45| [INFO]: ✅ Все данные за 2025-12-02 успешно обработаны
|12.02.2025 14:26:45| [INFO]: Опрос завершен
|12.02.2025 15:58:35| [INFO]: Начала опроса
|12.02.2025 15:58:45| [ERROR]: Ошибка ноды The operation failed.(Bad) ns=1;s=GPRS 2069.Фрунзе 2.Параметры.Вход5
|12.02.2025 15:58:45| [ERROR]: Ошибка ноды The operation failed.(Bad) ns=1;s=GPRS 2069.Фрунзе 2.Параметры.Вход1
|12.02.2025 15:58:45| [ERROR]: Ошибка ноды The operation failed.(Bad) ns=1;s=GPRS 2069.Фрунзе 2.Параметры.Вход2
|12.02.2025 15:58:46| [ERROR]: Ошибка ноды The operation failed.(Bad) ns=1;s=GPRS 2069.Фрунзе 2.Параметры.Вход3
|12.02.2025 15:58:46| [ERROR]: Ошибка ноды The operation failed.(Bad) ns=1;s=GPRS 2069.Фрунзе 2.Параметры.Вход4
|12.02.2025 15:58:55| [INFO]: ДАННЫЕ С OPC: {'0014': {'Pgw': 3.2096762084960937,
          'Pwo': 4.221820983886719,
          'Pwp': 5.831652221679687,
          'Two': 52.149078369140625,
          'Twp': 66.98143768310547,
          'adr': '8 марта, 164Б'},
 '0021': {'Pgw': 3.108783874511719,
          'Pwo': 3.203238830566406,
          'Pwp': 4.536441040039063,
          'Two': 48.97039794921875,
          'Twp': 64.82134246826172,
          'adr': 'Пушкина, 65'},
 '0024': {'Pgw': 4.707236938476562,
          'Pwo': 1.0126792144775392,
          'Pwp': 2.8005596923828127,
          'Two': 42.104034423828125,
          'Twp': 46.057701110839844,
          'adr': 'Объездная, 31'},
 '0037': {'Pgw': 0.09680852890014649,
          'Pwo': 0.07667705059051513,
          'Pwp': 0.09385140419006348,
          'Two': 11.290602684020996,
          'Twp': 12.346481323242188,
          'adr': 'Балакирева, 5'},
 '0044': {'Pgw': 0.0,
          'Pwo': 0.0,
          'Pwp': 0.0,
          'Two': 0,
          'Twp': 0,
          'adr': 'Бабушкина, 2В'},
 '0048': {'Pgw': 0.0,
          'Pwo': 0.0,
          'Pwp': 0.0,
          'Two': 0,
          'Twp': 0,
          'adr': 'Фрунзе, 2'},
 '0049': {'Pgw': 0.05144773006439209,
          'Pwo': 0.01848973035812378,
          'Pwp': 0.025057339668273927,
          'Two': 63.59634780883789,
          'Twp': 69.68035888671875,
          'adr': 'Октябрьская, 159'},
 '0050': {'Pgw': 4.853135375976563,
          'Pwo': 2.451559295654297,
          'Pwp': 3.704875793457031,
          'Two': 38.90403747558594,
          'Twp': 44.920204162597656,
          'adr': 'Октябрьская, 66'},
 '0055': {'Pgw': 0.025122148990631102,
          'Pwo': 0.02213939905166626,
          'Pwp': 0.03594799995422363,
          'Two': 0,
          'Twp': 67.68316650390625,
          'adr': 'Репина, 146'},
 '0056': {'Pgw': 3.2447686767578126,
          'Pwo': 2.277596282958984,
          'Pwp': 3.184293518066406,
          'Two': 52.43513488769531,
          'Twp': 57.173095703125,
          'adr': 'Дзержинского, 161'},
 '0060': {'Pgw': 0.0,
          'Pwo': 0.0035497799515724184,
          'Pwp': 0.004894950091838836,
          'Two': 55.19404602050781,
          'Twp': 68.87974548339844,
          'adr': 'Чапаева, 4'},
 '0063': {'Pgw': 3.7916876220703126,
          'Pwo': 2.321550750732422,
          'Pwp': 3.031402893066406,
          'Two': 58.9024543762207,
          'Twp': 66.10809326171875,
          'adr': 'Балахонова, 13'},
 '0064': {'Pgw': 0.03106683015823364,
          'Pwo': 0.0229380202293396,
          'Pwp': 0.03228039979934692,
          'Two': 52.53078079223633,
          'Twp': 62.96660232543945,
          'adr': 'Голенева, 46'},
 '0065': {'Pgw': 0.037441999912261964,
          'Pwo': 0.01711084008216858,
          'Pwp': 0.0314637303352356,
          'Two': 51.39548110961914,
          'Twp': 64.31910705566406,
          'adr': 'Краснофлотская 187'},
 '0067': {'Pgw': 3.093255920410156,
          'Pwo': 2.397145538330078,
          'Pwp': 3.6025909423828124,
          'Two': 55.872215270996094,
          'Twp': 68.37877655029297,
          'adr': 'Пономарева 5'},
 '0068': {'Pgw': 3.5962643432617187,
          'Pwo': 1.752093505859375,
          'Pwp': 2.6573367309570313,
          'Two': 51.109432220458984,
          'Twp': 63.497982025146484,
          'adr': 'Шпаковская 85'},
 '0072': {'Pgw': 0.03862243890762329,
          'Pwo': 0.02658320903778076,
          'Pwp': 0.037298829555511476,
          'Two': 41.604244232177734,
          'Twp': 50.33850860595703,
          'adr': 'К. Маркса, 65'},
 '0073': {'Pgw': -0.02,
          'Pwo': 0.023733611106872558,
          'Pwp': 0.03709163904190063,
          'Two': 41.50960922241211,
          'Twp': 47.48674011230469,
          'adr': 'К. Маркса, 77'},
 '0074': {'Pgw': 3.9331533813476565,
          'Pwo': 2.300586700439453,
          'Pwp': 4.005298767089844,
          'Two': 40.96788024902344,
          'Twp': 49.73955535888672,
          'adr': 'Фрунзе, 8'},
 '0075': {'Pgw': 4.344664306640625,
          'Pwo': 1.8711082458496093,
          'Pwp': 2.380373229980469,
          'Two': 44.81901931762695,
          'Twp': 48.17964172363281,
          'adr': 'Голенева, 6а'},
 '0076': {'Pgw': 3.6645169067382812,
          'Pwo': 2.888895263671875,
          'Pwp': 3.5826409912109374,
          'Two': 44.53993225097656,
          'Twp': 49.826622009277344,
          'adr': 'Серова, 451'},
 '0079': {'Pgw': 2.0305776977539063,
          'Pwo': 1.8019825744628906,
          'Pwp': 2.7537136840820313,
          'Two': 45.039268493652344,
          'Twp': 48.900840759277344,
          'adr': 'Гоголя, 36'},
 '0081': {'Pgw': 3.2914227294921874,
          'Pwo': 1.8966192626953124,
          'Pwp': 2.9403363037109376,
          'Two': 53.07920837402344,
          'Twp': 61.20701599121094,
          'adr': 'Воронежская, 14'},
 '0090': {'Pgw': 0.06961377143859863,
          'Pwo': 0.021376519203186034,
          'Pwp': 0.03336663007736206,
          'Two': 46.350669860839844,
          'Twp': 53.193328857421875,
          'adr': 'Селекционная станция 3'},
 '0099': {'Pgw': 0.015448909997940064,
          'Pwo': 1.3527328491210937,
          'Pwp': 2.4448138427734376,
          'Two': 56.97602081298828,
          'Twp': 67.31126403808594,
          'adr': 'Завокзальная, 33а к.А'},
 '0100': {'Pgw': 0.0,
          'Pwo': 0.0,
          'Pwp': 0.02431607961654663,
          'Two': 52.047428131103516,
          'Twp': 0,
          'adr': 'Завокзальная, 33а к.Б'},
 '0102': {'Pgw': 4.902514343261719,
          'Pwo': 2.9625869750976563,
          'Pwp': 5.027139892578125,
          'Two': 46.3531608581543,
          'Twp': 65.51013946533203,
          'adr': 'Партизанская, 1г'},
 '0103': {'Pgw': 0.0,
          'Pwo': 0.002102670073509216,
          'Pwp': 0.0024565200507640837,
          'Two': 0,
          'Twp': 65.13584899902344,
          'adr': 'Старомарьевское, 7'},
 '0107': {'Pgw': 4.437859191894531,
          'Pwo': 2.0938320922851563,
          'Pwp': 2.5297174072265625,
          'Two': 43.698699951171875,
          'Twp': 49.440345764160156,
          'adr': 'Абрамовой, 2'},
 '0110': {'Pgw': 0.0,
          'Pwo': 0.0,
          'Pwp': 0.0,
          'Two': 0,
          'Twp': 0,
          'adr': 'Старомарьевское, 3'},
 '0111': {'Pgw': 3.90645751953125,
          'Pwo': 2.869432067871094,
          'Pwp': 4.058200073242188,
          'Two': 62.23370361328125,
          'Twp': 70.19281768798828,
          'adr': '4-я Промышленная, 3'},
 '0116': {'Pgw': 0.0,
          'Pwo': 0.0,
          'Pwp': 0.026302430629730224,
          'Two': 0,
          'Twp': 64.99180603027344,
          'adr': '2й Юго-Западный, 9'},
 '0211': {'Pgw': 2.806088562011719,
          'Pwo': 3.118685607910156,
          'Pwp': 3.8157479858398435,
          'Two': 60.09601593017578,
          'Twp': 70.77254486083984,
          'adr': 'Доваторцев, 86/3'},
 '2017': {'Pgw': 9.273541259765626,
          'Pwo': 2.928338623046875,
          'Pwp': 5.6110467529296875,
          'Two': 50.6761474609375,
          'Twp': 52.27076721191406,
          'adr': 'Р.Люксембург, 65'}}
|12.02.2025 15:58:55| [INFO]: ДАННЫЕ С БАЗЫ ДАННЫХ: [{'MAX(Dateizm)': datetime.date(2025, 12, 2),
  'Pgw': 0.0,
  'Pwo': 0.0,
  'Pwp': 0.0,
  'Two': 0.0,
  'Twp': 0.0,
  'idkot': '0014'},
 {'MAX(Dateizm)': datetime.date(2025, 12, 2),
  'Pgw': 3.1,
  'Pwo': 3.0,
  'Pwp': 3.1,
  'Two': 50.4,
  'Twp': 69.2,
  'idkot': '0021'},
 {'MAX(Dateizm)': datetime.date(2025, 12, 2),
  'Pgw': 4.7,
  'Pwo': 1.7,
  'Pwp': 2.5,
  'Two': 57.5,
  'Twp': 67.1,
  'idkot': '0024'},
 {'MAX(Dateizm)': datetime.date(2025, 12, 2),
  'Pgw': 3.7,
  'Pwo': 2.4,
  'Pwp': 3.7,
  'Two': 50.4,
  'Twp': 56.1,
  'idkot': '0037'},
 {'MAX(Dateizm)': datetime.date(2025, 12, 2),
  'Pgw': 3.4,
  'Pwo': 1.8,
  'Pwp': 2.5,
  'Two': 63.7,
  'Twp': 68.2,
  'idkot': '0048'},
 {'MAX(Dateizm)': datetime.date(2025, 12, 2),
  'Pgw': None,
  'Pwo': None,
  'Pwp': None,
  'Two': None,
  'Twp': None,
  'idkot': '0049'},
 {'MAX(Dateizm)': datetime.date(2025, 12, 2),
  'Pgw': 5.0,
  'Pwo': 2.2,
  'Pwp': 3.0,
  'Two': 58.5,
  'Twp': 67.2,
  'idkot': '0050'},
 {'MAX(Dateizm)': datetime.date(2025, 12, 2),
  'Pgw': 4.3,
  'Pwo': 1.0,
  'Pwp': 1.6,
  'Two': 65.3,
  'Twp': 73.7,
  'idkot': '0056'},
 {'MAX(Dateizm)': datetime.date(2025, 12, 2),
  'Pgw': None,
  'Pwo': 3.1,
  'Pwp': 4.5,
  'Two': 50.5,
  'Twp': 64.1,
  'idkot': '0060'},
 {'MAX(Dateizm)': datetime.date(2025, 12, 2),
  'Pgw': 2.7,
  'Pwo': 2.0,
  'Pwp': 3.1,
  'Two': 62.8,
  'Twp': 71.7,
  'idkot': '0063'},
 {'MAX(Dateizm)': datetime.date(2025, 12, 2),
  'Pgw': 3.9,
  'Pwo': 2.4,
  'Pwp': 3.2,
  'Two': 73.2,
  'Twp': 77.9,
  'idkot': '0064'},
 {'MAX(Dateizm)': datetime.date(2025, 12, 2),
  'Pgw': 1.6,
  'Pwo': 1.6,
  'Pwp': 3.6,
  'Two': 62.9,
  'Twp': 78.9,
  'idkot': '0065'},
 {'MAX(Dateizm)': datetime.date(2025, 12, 2),
  'Pgw': 3.0,
  'Pwo': 3.0,
  'Pwp': 3.5,
  'Two': 66.7,
  'Twp': 77.2,
  'idkot': '0067'},
 {'MAX(Dateizm)': datetime.date(2025, 12, 2),
  'Pgw': 3.8,
  'Pwo': 2.2,
  'Pwp': 3.3,
  'Two': 60.8,
  'Twp': 69.9,
  'idkot': '0068'},
 {'MAX(Dateizm)': datetime.date(2025, 12, 2),
  'Pgw': 0.0,
  'Pwo': 2.5,
  'Pwp': 3.6,
  'Two': 65.2,
  'Twp': 78.5,
  'idkot': '0072'},
 {'MAX(Dateizm)': datetime.date(2025, 12, 2),
  'Pgw': 3.2,
  'Pwo': 1.8,
  'Pwp': 3.7,
  'Two': 59.8,
  'Twp': 76.0,
  'idkot': '0073'},
 {'MAX(Dateizm)': datetime.date(2025, 12, 2),
  'Pgw': 3.3,
  'Pwo': 1.7,
  'Pwp': 3.6,
  'Two': 68.4,
  'Twp': 75.5,
  'idkot': '0074'},
 {'MAX(Dateizm)': datetime.date(2025, 12, 2),
  'Pgw': 3.5,
  'Pwo': 1.4,
  'Pwp': 2.3,
  'Two': 61.0,
  'Twp': 71.0,
  'idkot': '0075'},
 {'MAX(Dateizm)': datetime.date(2025, 12, 2),
  'Pgw': 3.7,
  'Pwo': 2.1,
  'Pwp': 3.2,
  'Two': 60.1,
  'Twp': 68.1,
  'idkot': '0076'},
 {'MAX(Dateizm)': datetime.date(2025, 12, 2),
  'Pgw': 6.0,
  'Pwo': 1.7,
  'Pwp': 2.5,
  'Two': 64.3,
  'Twp': 79.2,
  'idkot': '0079'},
 {'MAX(Dateizm)': datetime.date(2025, 12, 2),
  'Pgw': 4.4,
  'Pwo': 2.3,
  'Pwp': 2.9,
  'Two': 63.5,
  'Twp': 73.6,
  'idkot': '0081'},
 {'MAX(Dateizm)': datetime.date(2025, 12, 2),
  'Pgw': 0.0,
  'Pwo': 0.0,
  'Pwp': 0.0,
  'Two': 0.0,
  'Twp': 0.0,
  'idkot': '0090'},
 {'MAX(Dateizm)': datetime.date(2025, 12, 2),
  'Pgw': None,
  'Pwo': None,
  'Pwp': None,
  'Two': None,
  'Twp': 64.3,
  'idkot': '0099'},
 {'MAX(Dateizm)': datetime.date(2025, 12, 2),
  'Pgw': None,
  'Pwo': None,
  'Pwp': None,
  'Two': None,
  'Twp': 72.1,
  'idkot': '0100'},
 {'MAX(Dateizm)': datetime.date(2025, 12, 2),
  'Pgw': 4.9,
  'Pwo': 2.9,
  'Pwp': 4.4,
  'Two': 58.2,
  'Twp': 75.5,
  'idkot': '0102'},
 {'MAX(Dateizm)': datetime.date(2025, 12, 2),
  'Pgw': None,
  'Pwo': 2.5,
  'Pwp': 2.9,
  'Two': None,
  'Twp': 78.0,
  'idkot': '0103'},
 {'MAX(Dateizm)': datetime.date(2025, 12, 2),
  'Pgw': 3.2,
  'Pwo': 2.2,
  'Pwp': 2.6,
  'Two': 58.8,
  'Twp': 64.7,
  'idkot': '0107'},
 {'MAX(Dateizm)': datetime.date(2025, 12, 2),
  'Pgw': 1.4,
  'Pwo': 1.2,
  'Pwp': 2.4,
  'Two': 56.3,
  'Twp': 65.6,
  'idkot': '0110'},
 {'MAX(Dateizm)': datetime.date(2025, 12, 2),
  'Pgw': 3.6,
  'Pwo': 2.5,
  'Pwp': 2.9,
  'Two': 55.7,
  'Twp': 66.8,
  'idkot': '0111'},
 {'MAX(Dateizm)': datetime.date(2025, 12, 2),
  'Pgw': None,
  'Pwo': None,
  'Pwp': None,
  'Two': None,
  'Twp': None,
  'idkot': '0116'},
 {'MAX(Dateizm)': datetime.date(2025, 12, 2),
  'Pgw': 3.4,
  'Pwo': 3.9,
  'Pwp': 4.6,
  'Two': 66.0,
  'Twp': 74.6,
  'idkot': '0211'},
 {'MAX(Dateizm)': datetime.date(2025, 12, 2),
  'Pgw': 9.7,
  'Pwo': 2.7,
  'Pwp': 5.3,
  'Two': 53.3,
  'Twp': 62.6,
  'idkot': '2017'}]
|12.02.2025 15:58:55| [ERROR]: ⛔️ Нет связи с OPC для Фрунзе, 2 (idkot=0048) — Будет пропущена
|12.02.2025 15:58:55| [ERROR]: ⛔️ Нет связи с OPC для Старомарьевское, 3 (idkot=0110) — Будет пропущена
|12.02.2025 15:58:55| [INFO]: ДАННЫЕ КОТОРЫЕ ИДУТ В БАЗУ ДАННЫХ: {'0014': {'Pgw': 3.21,
          'Pwo': 4.22,
          'Pwp': 5.83,
          'Two': 52.15,
          'Twp': 66.98,
          'adr': '8 марта, 164Б'},
 '0021': {'Pgw': 3.1,
          'Pwo': 3.1,
          'Pwp': 3.82,
          'Two': 49.69,
          'Twp': 67.01,
          'adr': 'Пушкина, 65'},
 '0024': {'Pgw': 4.7,
          'Pwo': 1.36,
          'Pwp': 2.65,
          'Two': 49.8,
          'Twp': 56.58,
          'adr': 'Объездная, 31'},
 '0037': {'Pgw': 3.7,
          'Pwo': 2.4,
          'Pwp': 3.7,
          'Two': 30.85,
          'Twp': 34.22,
          'adr': 'Балакирева, 5'},
 '0049': {'Pgw': 0.0,
          'Pwo': 0.0,
          'Pwp': 0.0,
          'Two': 63.6,
          'Twp': 69.68,
          'adr': 'Октябрьская, 159'},
 '0050': {'Pgw': 4.93,
          'Pwo': 2.33,
          'Pwp': 3.35,
          'Two': 48.7,
          'Twp': 56.06,
          'adr': 'Октябрьская, 66'},
 '0056': {'Pgw': 3.77,
          'Pwo': 1.64,
          'Pwp': 2.39,
          'Two': 58.87,
          'Twp': 65.44,
          'adr': 'Дзержинского, 161'},
 '0060': {'Pgw': 0.0,
          'Pwo': 3.1,
          'Pwp': 4.5,
          'Two': 52.85,
          'Twp': 66.49,
          'adr': 'Чапаева, 4'},
 '0063': {'Pgw': 3.25,
          'Pwo': 2.16,
          'Pwp': 3.07,
          'Two': 60.85,
          'Twp': 68.9,
          'adr': 'Балахонова, 13'},
 '0064': {'Pgw': 3.9,
          'Pwo': 2.4,
          'Pwp': 3.2,
          'Two': 62.87,
          'Twp': 70.43,
          'adr': 'Голенева, 46'},
 '0065': {'Pgw': 1.6,
          'Pwo': 1.6,
          'Pwp': 3.6,
          'Two': 57.15,
          'Twp': 71.61,
          'adr': 'Краснофлотская 187'},
 '0067': {'Pgw': 3.05,
          'Pwo': 2.7,
          'Pwp': 3.55,
          'Two': 61.29,
          'Twp': 72.79,
          'adr': 'Пономарева 5'},
 '0068': {'Pgw': 3.7,
          'Pwo': 1.98,
          'Pwp': 2.98,
          'Two': 55.95,
          'Twp': 66.7,
          'adr': 'Шпаковская 85'},
 '0072': {'Pgw': 0.0,
          'Pwo': 2.5,
          'Pwp': 3.6,
          'Two': 53.4,
          'Twp': 64.42,
          'adr': 'К. Маркса, 65'},
 '0073': {'Pgw': 3.2,
          'Pwo': 1.8,
          'Pwp': 3.7,
          'Two': 50.65,
          'Twp': 61.74,
          'adr': 'К. Маркса, 77'},
 '0074': {'Pgw': 3.62,
          'Pwo': 2.0,
          'Pwp': 3.8,
          'Two': 54.68,
          'Twp': 62.62,
          'adr': 'Фрунзе, 8'},
 '0075': {'Pgw': 3.92,
          'Pwo': 1.64,
          'Pwp': 2.34,
          'Two': 52.91,
          'Twp': 59.59,
          'adr': 'Голенева, 6а'},
 '0076': {'Pgw': 3.68,
          'Pwo': 2.49,
          'Pwp': 3.39,
          'Two': 52.32,
          'Twp': 58.96,
          'adr': 'Серова, 451'},
 '0079': {'Pgw': 4.02,
          'Pwo': 1.75,
          'Pwp': 2.63,
          'Two': 54.67,
          'Twp': 64.05,
          'adr': 'Гоголя, 36'},
 '0081': {'Pgw': 3.85,
          'Pwo': 2.1,
          'Pwp': 2.92,
          'Two': 58.29,
          'Twp': 67.4,
          'adr': 'Воронежская, 14'},
 '0090': {'Pgw': 0.0,
          'Pwo': 0.0,
          'Pwp': 0.0,
          'Two': 46.35,
          'Twp': 53.19,
          'adr': 'Селекционная станция 3'},
 '0099': {'Pgw': 0.0,
          'Pwo': 1.35,
          'Pwp': 2.44,
          'Two': 56.98,
          'Twp': 65.81,
          'adr': 'Завокзальная, 33а к.А'},
 '0100': {'Pgw': 0.0,
          'Pwo': 0.0,
          'Pwp': 0.0,
          'Two': 52.05,
          'Twp': 72.1,
          'adr': 'Завокзальная, 33а к.Б'},
 '0102': {'Pgw': 4.9,
          'Pwo': 2.93,
          'Pwp': 4.71,
          'Two': 52.28,
          'Twp': 70.51,
          'adr': 'Партизанская, 1г'},
 '0103': {'Pgw': 0.0,
          'Pwo': 2.5,
          'Pwp': 2.9,
          'Two': 0.0,
          'Twp': 71.57,
          'adr': 'Старомарьевское, 7'},
 '0107': {'Pgw': 3.82,
          'Pwo': 2.15,
          'Pwp': 2.56,
          'Two': 51.25,
          'Twp': 57.07,
          'adr': 'Абрамовой, 2'},
 '0111': {'Pgw': 3.75,
          'Pwo': 2.68,
          'Pwp': 3.48,
          'Two': 58.97,
          'Twp': 68.5,
          'adr': '4-я Промышленная, 3'},
 '0116': {'Pgw': 0.0,
          'Pwo': 0.0,
          'Pwp': 0.0,
          'Two': 0.0,
          'Twp': 64.99,
          'adr': '2й Юго-Западный, 9'},
 '0211': {'Pgw': 3.1,
          'Pwo': 3.51,
          'Pwp': 4.21,
          'Two': 63.05,
          'Twp': 72.69,
          'adr': 'Доваторцев, 86/3'},
 '2017': {'Pgw': 9.49,
          'Pwo': 2.81,
          'Pwp': 5.46,
          'Two': 51.99,
          'Twp': 57.44,
          'adr': 'Р.Люксембург, 65'}}
|12.02.2025 15:59:04| [INFO]: ✅ Все данные за 2025-12-02 успешно обработаны
|12.02.2025 15:59:04| [INFO]: Опрос завершен
|12.03.2025 08:55:00| [INFO]: Начала опроса
|12.03.2025 08:55:04| [ERROR]: Ошибка ноды The operation failed.(Bad) ns=1;s=GPRS 2096.Репина 146.Group2.ain3
|12.03.2025 08:55:04| [ERROR]: Ошибка ноды The operation failed.(Bad) ns=1;s=GPRS 2096.Репина 146.Group2.ain5
|12.03.2025 08:55:04| [ERROR]: Ошибка ноды The operation failed.(Bad) ns=1;s=GPRS 2096.Репина 146.Group2.ain1
|12.03.2025 08:55:05| [ERROR]: Ошибка ноды The operation failed.(Bad) ns=1;s=GPRS 2096.Репина 146.Group2.ain2
|12.03.2025 08:55:11| [ERROR]: Ошибка ноды The operation failed.(Bad) ns=1;s=GPRS 2085.Роза Люксембург 65.Параметры.Вход5
|12.03.2025 08:55:11| [ERROR]: Ошибка ноды The operation failed.(Bad) ns=1;s=GPRS 2085.Роза Люксембург 65.Параметры.Вход1
|12.03.2025 08:55:12| [ERROR]: Ошибка ноды The operation failed.(Bad) ns=1;s=GPRS 2085.Роза Люксембург 65.Параметры.Вход2
|12.03.2025 08:55:12| [ERROR]: Ошибка ноды The operation failed.(Bad) ns=1;s=GPRS 2085.Роза Люксембург 65.Параметры.Вход3
|12.03.2025 08:55:12| [ERROR]: Ошибка ноды The operation failed.(Bad) ns=1;s=GPRS 2085.Роза Люксембург 65.Параметры.Вход4
|12.03.2025 08:55:20| [INFO]: ДАННЫЕ С OPC: {'0014': {'Pgw': 3.1668634033203125,
          'Pwo': 4.302544250488281,
          'Pwp': 5.913958129882812,
          'Two': 52.392024993896484,
          'Twp': 66.998779296875,
          'adr': '8 марта, 164Б'},
 '0021': {'Pgw': 2.913668212890625,
          'Pwo': 3.2566287231445314,
          'Pwp': 4.6073370361328125,
          'Two': 48.831565856933594,
          'Twp': 64.48258209228516,
          'adr': 'Пушкина, 65'},
 '0024': {'Pgw': 4.277432556152344,
          'Pwo': 1.0273074340820312,
          'Pwp': 2.786884765625,
          'Two': 42.82769012451172,
          'Twp': 45.89471435546875,
          'adr': 'Объездная, 31'},
 '0037': {'Pgw': 0.09543891906738282,
          'Pwo': 0.07613876819610596,
          'Pwp': 0.09228240966796875,
          'Two': 54.46586608886719,
          'Twp': 69.83192443847656,
          'adr': 'Балакирева, 5'},
 '0044': {'Pgw': 0.0,
          'Pwo': 0.0,
          'Pwp': 0.0,
          'Two': 0,
          'Twp': 0,
          'adr': 'Бабушкина, 2В'},
 '0048': {'Pgw': 4.127650146484375,
          'Pwo': 2.585590515136719,
          'Pwp': 3.1424871826171876,
          'Two': 57.762229919433594,
          'Twp': 70.825927734375,
          'adr': 'Фрунзе, 2'},
 '0049': {'Pgw': 0.0508619499206543,
          'Pwo': 0.019648590087890626,
          'Pwp': 0.026261940002441406,
          'Two': 64.5400619506836,
          'Twp': 72.04190826416016,
          'adr': 'Октябрьская, 159'},
 '0050': {'Pgw': 4.748599548339843,
          'Pwo': 2.482489013671875,
          'Pwp': 3.7357958984375,
          'Two': 38.59038543701172,
          'Twp': 44.53832244873047,
          'adr': 'Октябрьская, 66'},
 '0055': {'Pgw': 0.0,
          'Pwo': 0.0,
          'Pwp': 0.0,
          'Two': 0,
          'Twp': 0,
          'adr': 'Репина, 146'},
 '0056': {'Pgw': -0.548041648864746,
          'Pwo': 2.5344178771972654,
          'Pwp': 3.536123046875,
          'Two': 52.42388153076172,
          'Twp': 57.38098907470703,
          'adr': 'Дзержинского, 161'},
 '0060': {'Pgw': 0.0,
          'Pwo': 0.003409479856491089,
          'Pwp': 0.004815570116043091,
          'Two': 55.01075744628906,
          'Twp': 70.18449401855469,
          'adr': 'Чапаева, 4'},
 '0063': {'Pgw': 3.808235778808594,
          'Pwo': 2.298423614501953,
          'Pwp': 3.009501953125,
          'Two': 58.358821868896484,
          'Twp': 65.34046173095703,
          'adr': 'Балахонова, 13'},
 '0064': {'Pgw': 0.030670809745788574,
          'Pwo': 0.022934880256652832,
          'Pwp': 0.032304461002349856,
          'Two': 52.296287536621094,
          'Twp': 62.91543960571289,
          'adr': 'Голенева, 46'},
 '0065': {'Pgw': 0.03665401935577393,
          'Pwo': 0.01695446014404297,
          'Pwp': 0.031254899501800534,
          'Two': 51.646629333496094,
          'Twp': 63.95676040649414,
          'adr': 'Краснофлотская 187'},
 '0067': {'Pgw': 2.718683776855469,
          'Pwo': 2.3586795043945314,
          'Pwp': 3.5696701049804687,
          'Two': 55.500343322753906,
          'Twp': 67.40160369873047,
          'adr': 'Пономарева 5'},
 '0068': {'Pgw': 3.439290771484375,
          'Pwo': 1.735570831298828,
          'Pwp': 2.519026031494141,
          'Two': 51.85332107543945,
          'Twp': 63.78891372680664,
          'adr': 'Шпаковская 85'},
 '0072': {'Pgw': 0.035733749866485594,
          'Pwo': 0.02664438009262085,
          'Pwp': 0.037370920181274414,
          'Two': 41.56827163696289,
          'Twp': 46.26530456542969,
          'adr': 'К. Маркса, 65'},
 '0073': {'Pgw': -0.02,
          'Pwo': 0.02399791955947876,
          'Pwp': 0.03724123954772949,
          'Two': 41.295021057128906,
          'Twp': 47.48820114135742,
          'adr': 'К. Маркса, 77'},
 '0074': {'Pgw': 3.5609246826171876,
          'Pwo': 2.5808984375,
          'Pwp': 3.8174151611328124,
          'Two': 41.77895736694336,
          'Twp': 49.70349884033203,
          'adr': 'Фрунзе, 8'},
 '0075': {'Pgw': 4.019538879394531,
          'Pwo': 1.8780670166015625,
          'Pwp': 2.3860295104980467,
          'Two': 45.99212646484375,
          'Twp': 51.375911712646484,
          'adr': 'Голенева, 6а'},
 '0076': {'Pgw': 3.087454528808594,
          'Pwo': 2.9421502685546876,
          'Pwp': 3.664895324707031,
          'Two': 44.528343200683594,
          'Twp': 54.755584716796875,
          'adr': 'Серова, 451'},
 '0079': {'Pgw': 1.900182342529297,
          'Pwo': 1.7264384460449218,
          'Pwp': 2.6810122680664064,
          'Two': 45.98945617675781,
          'Twp': 50.52699279785156,
          'adr': 'Гоголя, 36'},
 '0081': {'Pgw': 3.0914324951171874,
          'Pwo': 2.0102410888671876,
          'Pwp': 3.0678851318359377,
          'Two': 52.824485778808594,
          'Twp': 61.71052551269531,
          'adr': 'Воронежская, 14'},
 '0090': {'Pgw': 0.06295563220977783,
          'Pwo': 0.02054841995239258,
          'Pwp': 0.0325947904586792,
          'Two': 46.15623092651367,
          'Twp': 53.05931854248047,
          'adr': 'Селекционная станция 3'},
 '0099': {'Pgw': 0.013183519840240479,
          'Pwo': 1.3790177917480468,
          'Pwp': 2.5534403991699217,
          'Two': 58.327491760253906,
          'Twp': 67.94917297363281,
          'adr': 'Завокзальная, 33а к.А'},
 '0100': {'Pgw': 0.0,
          'Pwo': 0.0,
          'Pwp': 0.023657159805297853,
          'Two': 58.559226989746094,
          'Twp': 0,
          'adr': 'Завокзальная, 33а к.Б'},
 '0102': {'Pgw': 4.483312072753907,
          'Pwo': 2.9478890991210935,
          'Pwp': 4.993879699707032,
          'Two': 48.70551300048828,
          'Twp': 63.869476318359375,
          'adr': 'Партизанская, 1г'},
 '0103': {'Pgw': 0.0,
          'Pwo': 0.0020650699734687805,
          'Pwp': 0.002422039955854416,
          'Two': 0,
          'Twp': 63.06166076660156,
          'adr': 'Старомарьевское, 7'},
 '0107': {'Pgw': 4.308697814941406,
          'Pwo': 2.029552459716797,
          'Pwp': 2.532401275634766,
          'Two': 43.768096923828125,
          'Twp': 49.135887145996094,
          'adr': 'Абрамовой, 2'},
 '0110': {'Pgw': 0.0,
          'Pwo': 0.0,
          'Pwp': 0.0,
          'Two': 0,
          'Twp': 0,
          'adr': 'Старомарьевское, 3'},
 '0111': {'Pgw': 3.9661956787109376,
          'Pwo': 2.9088958740234374,
          'Pwp': 4.065776062011719,
          'Two': 61.99291229248047,
          'Twp': 69.90001678466797,
          'adr': '4-я Промышленная, 3'},
 '0116': {'Pgw': 0.0,
          'Pwo': 0.0,
          'Pwp': 0.02622169017791748,
          'Two': 0,
          'Twp': 65.45040893554688,
          'adr': '2й Юго-Западный, 9'},
 '0211': {'Pgw': 2.774455261230469,
          'Pwo': 3.020996398925781,
          'Pwp': 3.66231689453125,
          'Two': 59.643455505371094,
          'Twp': 68.08382415771484,
          'adr': 'Доваторцев, 86/3'},
 '2017': {'Pgw': 0.0,
          'Pwo': 0.0,
          'Pwp': 0.0,
          'Two': 0,
          'Twp': 0,
          'adr': 'Р.Люксембург, 65'}}
|12.03.2025 08:55:20| [INFO]: ДАННЫЕ С БАЗЫ ДАННЫХ: [{'MAX(Dateizm)': datetime.date(2025, 12, 3),
  'Pgw': 0.0,
  'Pwo': 0.0,
  'Pwp': 0.0,
  'Two': 0.0,
  'Twp': 0.0,
  'idkot': '0014'},
 {'MAX(Dateizm)': datetime.date(2025, 12, 3),
  'Pgw': 3.1,
  'Pwo': 3.0,
  'Pwp': 3.1,
  'Two': 50.4,
  'Twp': 69.2,
  'idkot': '0021'},
 {'MAX(Dateizm)': datetime.date(2025, 12, 3),
  'Pgw': 4.7,
  'Pwo': 1.7,
  'Pwp': 2.5,
  'Two': 57.5,
  'Twp': 67.1,
  'idkot': '0024'},
 {'MAX(Dateizm)': datetime.date(2025, 12, 3),
  'Pgw': 3.7,
  'Pwo': 2.4,
  'Pwp': 3.7,
  'Two': 50.4,
  'Twp': 56.1,
  'idkot': '0037'},
 {'MAX(Dateizm)': datetime.date(2025, 12, 3),
  'Pgw': 3.4,
  'Pwo': 1.8,
  'Pwp': 2.5,
  'Two': 63.7,
  'Twp': 68.2,
  'idkot': '0048'},
 {'MAX(Dateizm)': datetime.date(2025, 12, 3),
  'Pgw': None,
  'Pwo': None,
  'Pwp': None,
  'Two': None,
  'Twp': None,
  'idkot': '0049'},
 {'MAX(Dateizm)': datetime.date(2025, 12, 3),
  'Pgw': 5.0,
  'Pwo': 2.2,
  'Pwp': 3.0,
  'Two': 58.5,
  'Twp': 67.2,
  'idkot': '0050'},
 {'MAX(Dateizm)': datetime.date(2025, 12, 3),
  'Pgw': 4.3,
  'Pwo': 1.0,
  'Pwp': 1.6,
  'Two': 65.3,
  'Twp': 73.7,
  'idkot': '0056'},
 {'MAX(Dateizm)': datetime.date(2025, 12, 3),
  'Pgw': None,
  'Pwo': 3.1,
  'Pwp': 4.5,
  'Two': 50.5,
  'Twp': 64.1,
  'idkot': '0060'},
 {'MAX(Dateizm)': datetime.date(2025, 12, 3),
  'Pgw': 2.7,
  'Pwo': 2.0,
  'Pwp': 3.1,
  'Two': 62.8,
  'Twp': 71.7,
  'idkot': '0063'},
 {'MAX(Dateizm)': datetime.date(2025, 12, 3),
  'Pgw': 3.9,
  'Pwo': 2.4,
  'Pwp': 3.2,
  'Two': 73.2,
  'Twp': 77.9,
  'idkot': '0064'},
 {'MAX(Dateizm)': datetime.date(2025, 12, 3),
  'Pgw': 1.6,
  'Pwo': 1.6,
  'Pwp': 3.6,
  'Two': 62.9,
  'Twp': 78.9,
  'idkot': '0065'},
 {'MAX(Dateizm)': datetime.date(2025, 12, 3),
  'Pgw': 3.0,
  'Pwo': 3.0,
  'Pwp': 3.5,
  'Two': 66.7,
  'Twp': 77.2,
  'idkot': '0067'},
 {'MAX(Dateizm)': datetime.date(2025, 12, 3),
  'Pgw': 3.8,
  'Pwo': 2.2,
  'Pwp': 3.3,
  'Two': 60.8,
  'Twp': 69.9,
  'idkot': '0068'},
 {'MAX(Dateizm)': datetime.date(2025, 12, 3),
  'Pgw': 0.0,
  'Pwo': 2.5,
  'Pwp': 3.6,
  'Two': 65.2,
  'Twp': 78.5,
  'idkot': '0072'},
 {'MAX(Dateizm)': datetime.date(2025, 12, 3),
  'Pgw': 3.2,
  'Pwo': 1.8,
  'Pwp': 3.7,
  'Two': 59.8,
  'Twp': 76.0,
  'idkot': '0073'},
 {'MAX(Dateizm)': datetime.date(2025, 12, 3),
  'Pgw': 3.3,
  'Pwo': 1.7,
  'Pwp': 3.6,
  'Two': 68.4,
  'Twp': 75.5,
  'idkot': '0074'},
 {'MAX(Dateizm)': datetime.date(2025, 12, 3),
  'Pgw': 3.5,
  'Pwo': 1.4,
  'Pwp': 2.3,
  'Two': 61.0,
  'Twp': 71.0,
  'idkot': '0075'},
 {'MAX(Dateizm)': datetime.date(2025, 12, 3),
  'Pgw': 3.7,
  'Pwo': 2.1,
  'Pwp': 3.2,
  'Two': 60.1,
  'Twp': 68.1,
  'idkot': '0076'},
 {'MAX(Dateizm)': datetime.date(2025, 12, 3),
  'Pgw': 6.0,
  'Pwo': 1.7,
  'Pwp': 2.5,
  'Two': 64.3,
  'Twp': 79.2,
  'idkot': '0079'},
 {'MAX(Dateizm)': datetime.date(2025, 12, 3),
  'Pgw': 4.4,
  'Pwo': 2.3,
  'Pwp': 2.9,
  'Two': 63.5,
  'Twp': 73.6,
  'idkot': '0081'},
 {'MAX(Dateizm)': datetime.date(2025, 12, 3),
  'Pgw': 0.0,
  'Pwo': 0.0,
  'Pwp': 0.0,
  'Two': 0.0,
  'Twp': 0.0,
  'idkot': '0090'},
 {'MAX(Dateizm)': datetime.date(2025, 12, 3),
  'Pgw': None,
  'Pwo': None,
  'Pwp': None,
  'Two': None,
  'Twp': 64.3,
  'idkot': '0099'},
 {'MAX(Dateizm)': datetime.date(2025, 12, 3),
  'Pgw': None,
  'Pwo': None,
  'Pwp': None,
  'Two': None,
  'Twp': 72.1,
  'idkot': '0100'},
 {'MAX(Dateizm)': datetime.date(2025, 12, 3),
  'Pgw': 4.9,
  'Pwo': 2.9,
  'Pwp': 4.4,
  'Two': 58.2,
  'Twp': 75.5,
  'idkot': '0102'},
 {'MAX(Dateizm)': datetime.date(2025, 12, 3),
  'Pgw': None,
  'Pwo': 2.5,
  'Pwp': 2.9,
  'Two': None,
  'Twp': 78.0,
  'idkot': '0103'},
 {'MAX(Dateizm)': datetime.date(2025, 12, 3),
  'Pgw': 3.2,
  'Pwo': 2.2,
  'Pwp': 2.6,
  'Two': 58.8,
  'Twp': 64.7,
  'idkot': '0107'},
 {'MAX(Dateizm)': datetime.date(2025, 12, 2),
  'Pgw': 1.4,
  'Pwo': 1.2,
  'Pwp': 2.4,
  'Two': 56.3,
  'Twp': 65.6,
  'idkot': '0110'},
 {'MAX(Dateizm)': datetime.date(2025, 12, 3),
  'Pgw': 3.6,
  'Pwo': 2.5,
  'Pwp': 2.9,
  'Two': 55.7,
  'Twp': 66.8,
  'idkot': '0111'},
 {'MAX(Dateizm)': datetime.date(2025, 12, 3),
  'Pgw': None,
  'Pwo': None,
  'Pwp': None,
  'Two': None,
  'Twp': None,
  'idkot': '0116'},
 {'MAX(Dateizm)': datetime.date(2025, 12, 3),
  'Pgw': 3.4,
  'Pwo': 3.9,
  'Pwp': 4.6,
  'Two': 66.0,
  'Twp': 74.6,
  'idkot': '0211'},
 {'MAX(Dateizm)': datetime.date(2025, 12, 3),
  'Pgw': 9.7,
  'Pwo': 2.7,
  'Pwp': 5.3,
  'Two': 53.3,
  'Twp': 62.6,
  'idkot': '2017'}]
|12.03.2025 08:55:20| [ERROR]: ⛔️ Нет связи с OPC для Р.Люксембург, 65 (idkot=2017) — Будет пропущена
|12.03.2025 08:55:20| [ERROR]: ⛔️ Нет связи с OPC для Старомарьевское, 3 (idkot=0110) — Будет пропущена
|12.03.2025 08:55:20| [INFO]: ДАННЫЕ КОТОРЫЕ ИДУТ В БАЗУ ДАННЫХ: {'0014': {'Pgw': 3.17,
          'Pwo': 4.3,
          'Pwp': 5.91,
          'Two': 52.39,
          'Twp': 67.0,
          'adr': '8 марта, 164Б'},
 '0021': {'Pgw': 3.01,
          'Pwo': 3.13,
          'Pwp': 3.85,
          'Two': 49.62,
          'Twp': 66.84,
          'adr': 'Пушкина, 65'},
 '0024': {'Pgw': 4.49,
          'Pwo': 1.36,
          'Pwp': 2.64,
          'Two': 50.16,
          'Twp': 56.5,
          'adr': 'Объездная, 31'},
 '0037': {'Pgw': 3.7,
          'Pwo': 2.4,
          'Pwp': 3.7,
          'Two': 52.43,
          'Twp': 62.97,
          'adr': 'Балакирева, 5'},
 '0048': {'Pgw': 3.76,
          'Pwo': 2.19,
          'Pwp': 2.82,
          'Two': 60.73,
          'Twp': 69.51,
          'adr': 'Фрунзе, 2'},
 '0049': {'Pgw': 0.0,
          'Pwo': 0.0,
          'Pwp': 0.0,
          'Two': 64.54,
          'Twp': 72.04,
          'adr': 'Октябрьская, 159'},
 '0050': {'Pgw': 4.87,
          'Pwo': 2.34,
          'Pwp': 3.37,
          'Two': 48.55,
          'Twp': 55.87,
          'adr': 'Октябрьская, 66'},
 '0056': {'Pgw': 4.3,
          'Pwo': 1.77,
          'Pwp': 2.57,
          'Two': 58.86,
          'Twp': 65.54,
          'adr': 'Дзержинского, 161'},
 '0060': {'Pgw': 0.0,
          'Pwo': 3.1,
          'Pwp': 4.5,
          'Two': 52.76,
          'Twp': 67.14,
          'adr': 'Чапаева, 4'},
 '0063': {'Pgw': 3.25,
          'Pwo': 2.15,
          'Pwp': 3.05,
          'Two': 60.58,
          'Twp': 68.52,
          'adr': 'Балахонова, 13'},
 '0064': {'Pgw': 3.9,
          'Pwo': 2.4,
          'Pwp': 3.2,
          'Two': 62.75,
          'Twp': 70.41,
          'adr': 'Голенева, 46'},
 '0065': {'Pgw': 1.6,
          'Pwo': 1.6,
          'Pwp': 3.6,
          'Two': 57.27,
          'Twp': 71.43,
          'adr': 'Краснофлотская 187'},
 '0067': {'Pgw': 2.86,
          'Pwo': 2.68,
          'Pwp': 3.53,
          'Two': 61.1,
          'Twp': 72.3,
          'adr': 'Пономарева 5'},
 '0068': {'Pgw': 3.62,
          'Pwo': 1.97,
          'Pwp': 2.91,
          'Two': 56.33,
          'Twp': 66.84,
          'adr': 'Шпаковская 85'},
 '0072': {'Pgw': 0.0,
          'Pwo': 2.5,
          'Pwp': 3.6,
          'Two': 53.38,
          'Twp': 62.38,
          'adr': 'К. Маркса, 65'},
 '0073': {'Pgw': 3.2,
          'Pwo': 1.8,
          'Pwp': 3.7,
          'Two': 50.55,
          'Twp': 61.74,
          'adr': 'К. Маркса, 77'},
 '0074': {'Pgw': 3.43,
          'Pwo': 2.14,
          'Pwp': 3.71,
          'Two': 55.09,
          'Twp': 62.6,
          'adr': 'Фрунзе, 8'},
 '0075': {'Pgw': 3.76,
          'Pwo': 1.64,
          'Pwp': 2.34,
          'Two': 53.5,
          'Twp': 61.19,
          'adr': 'Голенева, 6а'},
 '0076': {'Pgw': 3.39,
          'Pwo': 2.52,
          'Pwp': 3.43,
          'Two': 52.31,
          'Twp': 61.43,
          'adr': 'Серова, 451'},
 '0079': {'Pgw': 3.95,
          'Pwo': 1.71,
          'Pwp': 2.59,
          'Two': 55.14,
          'Twp': 64.86,
          'adr': 'Гоголя, 36'},
 '0081': {'Pgw': 3.75,
          'Pwo': 2.16,
          'Pwp': 2.98,
          'Two': 58.16,
          'Twp': 67.66,
          'adr': 'Воронежская, 14'},
 '0090': {'Pgw': 0.0,
          'Pwo': 0.0,
          'Pwp': 0.0,
          'Two': 46.16,
          'Twp': 53.06,
          'adr': 'Селекционная станция 3'},
 '0099': {'Pgw': 0.0,
          'Pwo': 1.38,
          'Pwp': 2.55,
          'Two': 58.33,
          'Twp': 66.12,
          'adr': 'Завокзальная, 33а к.А'},
 '0100': {'Pgw': 0.0,
          'Pwo': 0.0,
          'Pwp': 0.0,
          'Two': 58.56,
          'Twp': 72.1,
          'adr': 'Завокзальная, 33а к.Б'},
 '0102': {'Pgw': 4.69,
          'Pwo': 2.92,
          'Pwp': 4.7,
          'Two': 53.45,
          'Twp': 69.68,
          'adr': 'Партизанская, 1г'},
 '0103': {'Pgw': 0.0,
          'Pwo': 2.5,
          'Pwp': 2.9,
          'Two': 0.0,
          'Twp': 70.53,
          'adr': 'Старомарьевское, 7'},
 '0107': {'Pgw': 3.75,
          'Pwo': 2.11,
          'Pwp': 2.57,
          'Two': 51.28,
          'Twp': 56.92,
          'adr': 'Абрамовой, 2'},
 '0111': {'Pgw': 3.78,
          'Pwo': 2.7,
          'Pwp': 3.48,
          'Two': 58.85,
          'Twp': 68.35,
          'adr': '4-я Промышленная, 3'},
 '0116': {'Pgw': 0.0,
          'Pwo': 0.0,
          'Pwp': 0.0,
          'Two': 0.0,
          'Twp': 65.45,
          'adr': '2й Юго-Западный, 9'},
 '0211': {'Pgw': 3.09,
          'Pwo': 3.46,
          'Pwp': 4.13,
          'Two': 62.82,
          'Twp': 71.34,
          'adr': 'Доваторцев, 86/3'}}
|12.03.2025 08:55:29| [INFO]: ✅ Все данные за 2025-12-03 успешно обработаны
|12.03.2025 08:55:29| [INFO]: Опрос завершен
